# Blender 4.1.1
# www.blender.org
mtllib player.mtl
o 球
v 0.000000 0.547582 0.277785
v 0.000000 0.365883 0.415735
v 0.000000 0.000000 0.500000
v 0.000000 -0.128481 0.490393
v 0.000000 -0.365883 0.415735
v -0.019030 0.645917 0.095671
v -0.037329 0.608441 0.187665
v -0.054193 0.547582 0.272448
v -0.068975 0.465680 0.346760
v -0.081106 0.365883 0.407747
v -0.090120 0.252024 0.453064
v -0.097545 0.000000 0.490393
v -0.095671 -0.128481 0.480970
v -0.090120 -0.252024 0.453064
v -0.081106 -0.365883 0.407747
v -0.068975 -0.465680 0.346760
v -0.054193 -0.547582 0.272448
v -0.037329 -0.608441 0.187665
v -0.019030 -0.645917 0.095671
v -0.037329 0.645917 0.090120
v -0.073223 0.608441 0.176777
v -0.106304 0.547582 0.256640
v -0.135299 0.465680 0.326641
v -0.159095 0.365883 0.384089
v -0.176777 0.252024 0.426777
v -0.191342 0.000000 0.461940
v -0.187665 -0.128481 0.453064
v -0.176777 -0.252024 0.426777
v -0.159095 -0.365883 0.384089
v -0.135299 -0.465680 0.326641
v -0.106304 -0.547582 0.256640
v -0.073223 -0.608441 0.176777
v -0.037329 -0.645917 0.090120
v -0.054193 0.645917 0.081106
v -0.106304 0.608441 0.159095
v -0.154329 0.547582 0.230970
v -0.196424 0.465680 0.293969
v -0.230970 0.365883 0.345671
v -0.256640 0.252024 0.384089
v -0.277785 0.000000 0.415735
v -0.272448 -0.128481 0.407747
v -0.256640 -0.252024 0.384089
v -0.230970 -0.365883 0.345671
v -0.196424 -0.465680 0.293969
v -0.154329 -0.547582 0.230970
v -0.106304 -0.608441 0.159095
v -0.054193 -0.645917 0.081106
v -0.068975 0.645917 0.068975
v -0.135299 0.608441 0.135299
v -0.196424 0.547582 0.196424
v -0.250000 0.465680 0.250000
v -0.293969 0.365883 0.293969
v -0.326641 0.252024 0.326641
v -0.353553 0.000000 0.353553
v -0.346760 -0.128481 0.346760
v -0.326641 -0.252024 0.326641
v -0.293969 -0.365883 0.293969
v -0.250000 -0.465680 0.250000
v -0.196424 -0.547582 0.196424
v -0.135299 -0.608441 0.135299
v -0.068975 -0.645917 0.068975
v -0.081106 0.645917 0.054193
v -0.159095 0.608441 0.106304
v -0.230970 0.547582 0.154329
v -0.293969 0.465680 0.196424
v -0.345671 0.365883 0.230970
v -0.384089 0.252024 0.256640
v -0.407747 0.128481 0.272448
v -0.415735 0.000000 0.277785
v -0.407747 -0.128481 0.272448
v -0.384089 -0.252024 0.256640
v -0.345671 -0.365883 0.230970
v -0.293969 -0.465680 0.196424
v -0.230970 -0.547582 0.154329
v -0.159095 -0.608441 0.106304
v -0.081106 -0.645917 0.054193
v 0.000000 0.658571 0.000000
v -0.090120 0.645917 0.037329
v -0.176777 0.608441 0.073223
v -0.256640 0.547582 0.106304
v -0.326641 0.465680 0.135299
v -0.384089 0.365883 0.159095
v -0.426777 0.252024 0.176777
v -0.453064 0.128481 0.187665
v -0.461940 0.000000 0.191342
v -0.453064 -0.128481 0.187665
v -0.426777 -0.252024 0.176777
v -0.384089 -0.365883 0.159095
v -0.326641 -0.465680 0.135299
v -0.256640 -0.547582 0.106304
v -0.176777 -0.608441 0.073223
v -0.090120 -0.645917 0.037329
v -0.095671 0.645917 0.019030
v -0.187665 0.608441 0.037329
v -0.272448 0.547582 0.054193
v -0.346760 0.465680 0.068975
v -0.407746 0.365883 0.081106
v -0.453064 0.252024 0.090120
v -0.480970 0.128481 0.095671
v -0.490393 0.000000 0.097545
v -0.480970 -0.128481 0.095671
v -0.453064 -0.252024 0.090120
v -0.407746 -0.365883 0.081106
v -0.346760 -0.465680 0.068975
v -0.272448 -0.547582 0.054193
v -0.187665 -0.608441 0.037329
v -0.095671 -0.645917 0.019030
v -0.097545 0.645917 0.000000
v -0.191342 0.608441 0.000000
v -0.277785 0.547582 -0.000000
v -0.353553 0.465680 0.000000
v -0.415735 0.365883 -0.000000
v -0.461940 0.252024 0.000000
v -0.490393 0.128481 -0.000000
v -0.500000 0.000000 -0.000000
v -0.490393 -0.128481 -0.000000
v -0.461940 -0.252024 0.000000
v -0.415735 -0.365883 -0.000000
v -0.353553 -0.465680 0.000000
v -0.277785 -0.547582 -0.000000
v -0.191342 -0.608441 0.000000
v -0.097545 -0.645917 0.000000
v -0.095671 0.645917 -0.019030
v -0.187665 0.608441 -0.037329
v -0.272447 0.547582 -0.054193
v -0.346760 0.465680 -0.068975
v -0.407746 0.365883 -0.081106
v -0.453064 0.252024 -0.090120
v -0.480970 0.128481 -0.095671
v -0.490392 0.000000 -0.097545
v -0.480970 -0.128481 -0.095671
v -0.453064 -0.252024 -0.090120
v -0.407746 -0.365883 -0.081106
v -0.346760 -0.465680 -0.068975
v -0.272447 -0.547582 -0.054193
v -0.187665 -0.608441 -0.037329
v -0.095671 -0.645917 -0.019030
v -0.090120 0.645917 -0.037329
v -0.176777 0.608441 -0.073223
v -0.256640 0.547582 -0.106304
v -0.326641 0.465680 -0.135299
v -0.384089 0.365883 -0.159095
v -0.426777 0.252024 -0.176777
v -0.453064 0.128481 -0.187665
v -0.461940 0.000000 -0.191342
v -0.453064 -0.128481 -0.187665
v -0.426777 -0.252024 -0.176777
v -0.384089 -0.365883 -0.159095
v -0.326641 -0.465680 -0.135299
v -0.256640 -0.547582 -0.106304
v -0.176777 -0.608441 -0.073223
v -0.090120 -0.645917 -0.037329
v -0.081106 0.645917 -0.054193
v -0.159095 0.608441 -0.106304
v -0.230970 0.547582 -0.154329
v -0.293969 0.465680 -0.196424
v -0.345671 0.365883 -0.230970
v -0.384089 0.252024 -0.256640
v -0.407746 0.128481 -0.272447
v -0.415735 0.000000 -0.277785
v -0.407746 -0.128481 -0.272447
v -0.384089 -0.252024 -0.256640
v -0.345671 -0.365883 -0.230970
v -0.293969 -0.465680 -0.196424
v -0.230970 -0.547582 -0.154329
v -0.159095 -0.608441 -0.106304
v -0.081106 -0.645917 -0.054193
v -0.068975 0.645917 -0.068975
v -0.135299 0.608441 -0.135299
v -0.196424 0.547582 -0.196424
v -0.250000 0.465680 -0.250000
v -0.293969 0.365883 -0.293969
v -0.326641 0.252024 -0.326641
v -0.346760 0.128481 -0.346760
v -0.353553 0.000000 -0.353553
v -0.346760 -0.128481 -0.346760
v -0.326641 -0.252024 -0.326641
v -0.293969 -0.365883 -0.293969
v -0.250000 -0.465680 -0.250000
v -0.196424 -0.547582 -0.196424
v -0.135299 -0.608441 -0.135299
v -0.068975 -0.645917 -0.068975
v -0.054193 0.645917 -0.081106
v -0.106304 0.608441 -0.159095
v -0.154329 0.547582 -0.230970
v -0.196424 0.465680 -0.293969
v -0.230970 0.365883 -0.345671
v -0.256640 0.252024 -0.384089
v -0.272447 0.128481 -0.407746
v -0.277785 0.000000 -0.415735
v -0.272447 -0.128481 -0.407746
v -0.256640 -0.252024 -0.384089
v -0.230970 -0.365883 -0.345671
v -0.196424 -0.465680 -0.293969
v -0.154329 -0.547582 -0.230970
v -0.106304 -0.608441 -0.159095
v -0.054193 -0.645917 -0.081106
v -0.037329 0.645917 -0.090120
v -0.073223 0.608441 -0.176777
v -0.106304 0.547582 -0.256640
v -0.135299 0.465680 -0.326641
v -0.159095 0.365883 -0.384089
v -0.176777 0.252024 -0.426777
v -0.187665 0.128481 -0.453064
v -0.191342 0.000000 -0.461940
v -0.187665 -0.128481 -0.453064
v -0.176777 -0.252024 -0.426777
v -0.159095 -0.365883 -0.384089
v -0.135299 -0.465680 -0.326641
v -0.106304 -0.547582 -0.256640
v -0.073223 -0.608441 -0.176777
v -0.037329 -0.645917 -0.090120
v -0.019030 0.645917 -0.095671
v -0.037329 0.608441 -0.187665
v -0.054193 0.547582 -0.272447
v -0.068975 0.465680 -0.346760
v -0.081106 0.365883 -0.407746
v -0.090120 0.252024 -0.453064
v -0.095671 0.128481 -0.480970
v -0.097545 0.000000 -0.490392
v -0.095671 -0.128481 -0.480970
v -0.090120 -0.252024 -0.453064
v -0.081106 -0.365883 -0.407746
v -0.068975 -0.465680 -0.346760
v -0.054193 -0.547582 -0.272447
v -0.037329 -0.608441 -0.187665
v -0.019030 -0.645917 -0.095671
v -0.000000 0.645917 -0.097545
v 0.000000 0.608441 -0.191342
v 0.000000 0.547582 -0.277785
v -0.000000 0.465680 -0.353553
v 0.000000 0.365883 -0.415735
v -0.000000 0.252024 -0.461940
v 0.000000 0.128481 -0.490392
v 0.000000 0.000000 -0.500000
v 0.000000 -0.128481 -0.490392
v -0.000000 -0.252024 -0.461940
v 0.000000 -0.365883 -0.415735
v -0.000000 -0.465680 -0.353553
v 0.000000 -0.547582 -0.277785
v 0.000000 -0.608441 -0.191342
v -0.000000 -0.645917 -0.097545
v 0.019030 0.645917 -0.095671
v 0.037329 0.608441 -0.187665
v 0.054193 0.547582 -0.272447
v 0.068975 0.465680 -0.346760
v 0.081106 0.365883 -0.407746
v 0.090120 0.252024 -0.453064
v 0.095671 0.128481 -0.480970
v 0.097545 0.000000 -0.490392
v 0.095671 -0.128481 -0.480970
v 0.090120 -0.252024 -0.453064
v 0.081106 -0.365883 -0.407746
v 0.068975 -0.465680 -0.346760
v 0.054193 -0.547582 -0.272447
v 0.037329 -0.608441 -0.187665
v 0.019030 -0.645917 -0.095671
v 0.037329 0.645917 -0.090120
v 0.073223 0.608441 -0.176777
v 0.106304 0.547582 -0.256640
v 0.135299 0.465680 -0.326641
v 0.159095 0.365883 -0.384089
v 0.176777 0.252024 -0.426777
v 0.187665 0.128481 -0.453064
v 0.191342 0.000000 -0.461939
v 0.187665 -0.128481 -0.453064
v 0.176777 -0.252024 -0.426777
v 0.159095 -0.365883 -0.384089
v 0.135299 -0.465680 -0.326641
v 0.106304 -0.547582 -0.256640
v 0.073223 -0.608441 -0.176777
v 0.037329 -0.645917 -0.090120
v 0.054193 0.645917 -0.081106
v 0.106304 0.608441 -0.159095
v 0.154329 0.547582 -0.230970
v 0.196424 0.465680 -0.293969
v 0.230970 0.365883 -0.345671
v 0.256640 0.252024 -0.384089
v 0.272447 0.128481 -0.407746
v 0.277785 0.000000 -0.415734
v 0.272447 -0.128481 -0.407746
v 0.256640 -0.252024 -0.384089
v 0.230970 -0.365883 -0.345671
v 0.196424 -0.465680 -0.293969
v 0.154329 -0.547582 -0.230970
v 0.106304 -0.608441 -0.159095
v 0.054193 -0.645917 -0.081106
v 0.068975 0.645917 -0.068975
v 0.135299 0.608441 -0.135299
v 0.196424 0.547582 -0.196424
v 0.250000 0.465680 -0.250000
v 0.293969 0.365883 -0.293969
v 0.326641 0.252024 -0.326641
v 0.346760 0.128481 -0.346760
v 0.353553 0.000000 -0.353553
v 0.346760 -0.128481 -0.346760
v 0.326641 -0.252024 -0.326641
v 0.293969 -0.365883 -0.293969
v 0.250000 -0.465680 -0.250000
v 0.196424 -0.547582 -0.196424
v 0.135299 -0.608441 -0.135299
v 0.068975 -0.645917 -0.068975
v 0.000000 -0.658571 0.000000
v 0.081106 0.645917 -0.054193
v 0.159095 0.608441 -0.106304
v 0.230970 0.547582 -0.154329
v 0.293969 0.465680 -0.196424
v 0.345671 0.365883 -0.230970
v 0.384089 0.252024 -0.256640
v 0.407746 0.128481 -0.272447
v 0.415735 0.000000 -0.277785
v 0.407746 -0.128481 -0.272447
v 0.384089 -0.252024 -0.256640
v 0.345671 -0.365883 -0.230970
v 0.293969 -0.465680 -0.196424
v 0.230970 -0.547582 -0.154329
v 0.159095 -0.608441 -0.106304
v 0.081106 -0.645917 -0.054193
v 0.090120 0.645917 -0.037329
v 0.176777 0.608441 -0.073223
v 0.256640 0.547582 -0.106304
v 0.326641 0.465680 -0.135299
v 0.384089 0.365883 -0.159095
v 0.426776 0.252024 -0.176777
v 0.453064 0.128481 -0.187665
v 0.461939 0.000000 -0.191341
v 0.453064 -0.128481 -0.187665
v 0.426776 -0.252024 -0.176777
v 0.384089 -0.365883 -0.159095
v 0.326641 -0.465680 -0.135299
v 0.256640 -0.547582 -0.106304
v 0.176777 -0.608441 -0.073223
v 0.090120 -0.645917 -0.037329
v 0.095671 0.645917 -0.019030
v 0.187665 0.608441 -0.037329
v 0.272447 0.547582 -0.054193
v 0.346760 0.465680 -0.068975
v 0.407746 0.365883 -0.081106
v 0.453064 0.252024 -0.090120
v 0.480970 0.128481 -0.095671
v 0.490392 0.000000 -0.097545
v 0.480970 -0.128481 -0.095671
v 0.453064 -0.252024 -0.090120
v 0.407746 -0.365883 -0.081106
v 0.346760 -0.465680 -0.068975
v 0.272447 -0.547582 -0.054193
v 0.187665 -0.608441 -0.037329
v 0.095671 -0.645917 -0.019030
v 0.097545 0.645917 0.000000
v 0.191342 0.608441 0.000000
v 0.277785 0.547582 0.000000
v 0.353553 0.465680 -0.000000
v 0.415735 0.365883 0.000000
v 0.461940 0.252024 -0.000000
v 0.490392 0.128481 0.000000
v 0.500000 0.000000 0.000000
v 0.490392 -0.128481 0.000000
v 0.461940 -0.252024 -0.000000
v 0.415735 -0.365883 0.000000
v 0.353553 -0.465680 -0.000000
v 0.277785 -0.547582 0.000000
v 0.191342 -0.608441 0.000000
v 0.097545 -0.645917 0.000000
v 0.095671 0.645917 0.019030
v 0.187665 0.608441 0.037329
v 0.272447 0.547582 0.054193
v 0.346760 0.465680 0.068975
v 0.407746 0.365883 0.081106
v 0.453064 0.252024 0.090120
v 0.480970 0.128481 0.095671
v 0.490392 0.000000 0.097545
v 0.480970 -0.128481 0.095671
v 0.453064 -0.252024 0.090120
v 0.407746 -0.365883 0.081106
v 0.346760 -0.465680 0.068975
v 0.272447 -0.547582 0.054193
v 0.187665 -0.608441 0.037329
v 0.095671 -0.645917 0.019030
v 0.090120 0.645917 0.037329
v 0.176777 0.608441 0.073223
v 0.256640 0.547582 0.106304
v 0.326641 0.465680 0.135299
v 0.384089 0.365883 0.159095
v 0.426777 0.252024 0.176777
v 0.453063 0.128481 0.187665
v 0.461939 0.000000 0.191342
v 0.453063 -0.128481 0.187665
v 0.426777 -0.252024 0.176777
v 0.384089 -0.365883 0.159095
v 0.326641 -0.465680 0.135299
v 0.256640 -0.547582 0.106304
v 0.176777 -0.608441 0.073223
v 0.090120 -0.645917 0.037329
v 0.081106 0.645917 0.054193
v 0.159095 0.608441 0.106304
v 0.230970 0.547582 0.154329
v 0.293969 0.465680 0.196424
v 0.345671 0.365883 0.230970
v 0.384089 0.252024 0.256640
v 0.407746 0.128481 0.272447
v 0.415734 0.000000 0.277785
v 0.407746 -0.128481 0.272447
v 0.384089 -0.252024 0.256640
v 0.345671 -0.365883 0.230970
v 0.293969 -0.465680 0.196424
v 0.230970 -0.547582 0.154329
v 0.159095 -0.608441 0.106304
v 0.081106 -0.645917 0.054193
v 0.068975 0.645917 0.068975
v 0.135299 0.608441 0.135299
v 0.196423 0.547582 0.196424
v 0.250000 0.465680 0.250000
v 0.293969 0.365883 0.293969
v 0.326641 0.252024 0.326641
v 0.353553 0.000000 0.353553
v 0.346760 -0.128481 0.346760
v 0.326641 -0.252024 0.326641
v 0.293969 -0.365883 0.293969
v 0.250000 -0.465680 0.250000
v 0.196423 -0.547582 0.196424
v 0.135299 -0.608441 0.135299
v 0.068975 -0.645917 0.068975
v 0.054193 0.645917 0.081106
v 0.106304 0.608441 0.159095
v 0.154329 0.547582 0.230970
v 0.196424 0.465680 0.293969
v 0.230970 0.365883 0.345671
v 0.256640 0.252024 0.384089
v 0.277785 0.000000 0.415734
v 0.272447 -0.128481 0.407746
v 0.256640 -0.252024 0.384089
v 0.230970 -0.365883 0.345671
v 0.196424 -0.465680 0.293969
v 0.154329 -0.547582 0.230970
v 0.106304 -0.608441 0.159095
v 0.054193 -0.645917 0.081106
v 0.037329 0.645917 0.090120
v 0.073223 0.608441 0.176777
v 0.106304 0.547582 0.256640
v 0.135299 0.465680 0.326641
v 0.159095 0.365883 0.384089
v 0.176777 0.252024 0.426776
v 0.191341 0.000000 0.461939
v 0.187665 -0.128481 0.453063
v 0.176777 -0.252024 0.426776
v 0.159095 -0.365883 0.384089
v 0.135299 -0.465680 0.326641
v 0.106304 -0.547582 0.256640
v 0.073223 -0.608441 0.176777
v 0.037329 -0.645917 0.090120
v 0.019030 0.645917 0.095671
v 0.037329 0.608441 0.187665
v 0.054193 0.547582 0.272447
v 0.068975 0.465680 0.346760
v 0.081106 0.365883 0.407746
v 0.090120 0.252024 0.453063
v 0.097545 0.000000 0.490392
v 0.095671 -0.128481 0.480970
v 0.090120 -0.252024 0.453063
v 0.081106 -0.365883 0.407746
v 0.068975 -0.465680 0.346760
v 0.054193 -0.547582 0.272447
v 0.037329 -0.608441 0.187665
v 0.019030 -0.645917 0.095671
v 0.000000 0.645917 0.097545
v -0.000000 0.608441 0.191342
v -0.000000 0.465680 0.353553
v 0.000000 0.252024 0.461940
v 0.000000 -0.252024 0.461940
v -0.000000 -0.465680 0.353553
v -0.000000 -0.547582 0.277785
v -0.000000 -0.608441 0.191342
v 0.000000 -0.645917 0.097545
v 0.000000 0.117421 0.452573
v 0.000000 0.003782 0.461931
v -0.080404 0.226693 0.416217
v -0.085357 0.117421 0.443396
v -0.087029 0.003782 0.452573
v -0.157719 0.226693 0.390614
v -0.167434 0.117421 0.416217
v -0.170714 0.003782 0.424861
v -0.228973 0.226693 0.349038
v -0.243076 0.117421 0.372080
v -0.247838 0.003782 0.379860
v -0.291427 0.226693 0.293086
v -0.309377 0.117421 0.312681
v -0.315438 0.003782 0.319298
v -0.342682 0.226693 0.224908
v -0.363789 0.117421 0.240304
v -0.370916 0.003782 0.245502
v 0.342682 0.226693 0.224908
v 0.363789 0.117421 0.240304
v 0.370916 0.003782 0.245502
v 0.291427 0.226693 0.293086
v 0.309377 0.117421 0.312681
v 0.315438 0.003782 0.319297
v 0.228972 0.226693 0.349038
v 0.243076 0.117421 0.372079
v 0.247838 0.003782 0.379859
v 0.157719 0.226693 0.390614
v 0.167433 0.117421 0.416216
v 0.170713 0.003782 0.424861
v 0.080404 0.226693 0.416216
v 0.085357 0.117421 0.443396
v 0.087029 0.003782 0.452573
v -0.000000 0.226693 0.424861
v -0.138749 0.289780 0.414456
v -0.105821 0.312179 0.418194
v -0.075050 0.339861 0.417079
v -0.047673 0.371658 0.410967
v -0.025008 0.406271 0.399953
v -0.008309 0.442340 0.384408
v 0.001419 0.478495 0.364971
v 0.003579 0.513402 0.342495
v -0.001927 0.545788 0.317979
v -0.014697 0.574486 0.292509
v -0.033918 0.598475 0.267199
v -0.058515 0.616920 0.243155
v -0.087320 0.629194 0.221413
v -0.119191 0.634879 0.202869
v -0.153074 0.633751 0.188204
v -0.187974 0.625771 0.177838
v -0.222874 0.611091 0.171927
v -0.256648 0.590090 0.170419
v -0.288030 0.563418 0.173142
v -0.315651 0.532024 0.179897
v -0.338155 0.497145 0.190488
v -0.354351 0.460244 0.204706
v -0.363361 0.422903 0.222254
v -0.364737 0.386701 0.242665
v -0.358500 0.353109 0.265258
v -0.345129 0.323417 0.289145
v -0.325474 0.298711 0.313311
v -0.300637 0.279871 0.336725
v -0.271823 0.267582 0.358443
v -0.240211 0.262325 0.377670
v -0.206869 0.264346 0.393759
v -0.172748 0.273613 0.406176
v -0.198766 0.429202 0.541611
v -0.170088 0.356619 0.526304
v -0.174764 0.442326 0.545233
v -0.129629 0.380344 0.531706
v -0.145443 0.462484 0.546558
v -0.091893 0.409094 0.531658
v -0.115481 0.487967 0.543813
v -0.058432 0.441737 0.526096
v -0.089238 0.516178 0.536536
v -0.030836 0.477030 0.515234
v -0.069127 0.545416 0.525113
v -0.010569 0.513673 0.499580
v -0.056592 0.574417 0.510285
v 0.001211 0.550349 0.479888
v -0.052444 0.602091 0.492940
v 0.003825 0.585747 0.457096
v -0.056939 0.627427 0.473994
v -0.002843 0.618587 0.432233
v -0.069827 0.649461 0.454311
v -0.018344 0.647659 0.406357
v -0.090409 0.667301 0.434663
v -0.041751 0.671872 0.380511
v -0.117605 0.680162 0.415713
v -0.071812 0.690302 0.355693
v -0.150006 0.687423 0.398041
v -0.107120 0.702235 0.332826
v -0.185796 0.688734 0.382210
v -0.146246 0.707179 0.312712
v -0.222350 0.684274 0.368922
v -0.187809 0.704872 0.295987
v -0.255218 0.675531 0.359256
v -0.230474 0.695280 0.283085
v -0.280215 0.665488 0.353724
v -0.272890 0.678613 0.274253
v -0.304298 0.652499 0.350318
v -0.313633 0.655355 0.269597
v -0.333473 0.632100 0.348608
v -0.351184 0.626301 0.269159
v -0.362788 0.605547 0.349648
v -0.383983 0.592565 0.272980
v -0.387897 0.575463 0.353941
v -0.410542 0.555559 0.281110
v -0.406626 0.543944 0.361725
v -0.429589 0.516901 0.293555
v -0.417844 0.512768 0.373086
v -0.440206 0.478303 0.310182
v -0.421028 0.483500 0.387892
v -0.441926 0.441429 0.330620
v -0.416117 0.457479 0.405744
v -0.434769 0.407782 0.354197
v -0.403429 0.435775 0.425953
v -0.419224 0.378638 0.379958
v -0.383600 0.419177 0.447583
v -0.396173 0.355013 0.406741
v -0.357538 0.408191 0.469521
v -0.366776 0.337679 0.433307
v -0.326417 0.403043 0.490561
v -0.332339 0.327184 0.458466
v -0.291789 0.403652 0.509452
v -0.294193 0.323858 0.481159
v -0.256059 0.409472 0.524907
v -0.253622 0.327805 0.500498
v -0.223600 0.418891 0.535651
v -0.211849 0.338869 0.515746
v -0.204330 0.449211 0.508108
v -0.186236 0.459222 0.510768
v -0.164214 0.474656 0.511692
v -0.141822 0.494252 0.509604
v -0.122303 0.516028 0.504174
v -0.107395 0.538649 0.495655
v -0.098113 0.561101 0.484545
v -0.095023 0.582503 0.471454
v -0.098317 0.602047 0.457033
v -0.107841 0.618982 0.441925
v -0.123124 0.632630 0.426733
v -0.143415 0.642410 0.412004
v -0.167696 0.647876 0.398238
v -0.194616 0.648795 0.385926
v -0.222182 0.645335 0.375661
v -0.247000 0.638644 0.368278
v -0.265871 0.630980 0.364115
v -0.284029 0.621073 0.361621
v -0.305995 0.605547 0.360551
v -0.328052 0.585399 0.361758
v -0.346959 0.562611 0.365576
v -0.361104 0.538730 0.372086
v -0.369643 0.515051 0.381240
v -0.372171 0.492720 0.392850
v -0.368608 0.472734 0.406566
v -0.359158 0.455920 0.421868
v -0.344265 0.442916 0.438087
v -0.324593 0.434158 0.454444
v -0.301026 0.429871 0.470091
v -0.274766 0.430042 0.484139
v -0.247674 0.434284 0.495652
v -0.223097 0.441375 0.503671
v -0.148640 0.406255 0.541992
v -0.182178 0.387202 0.537251
v -0.113728 0.431597 0.542690
v -0.080660 0.461728 0.538338
v -0.052555 0.494637 0.528825
v -0.031458 0.528770 0.514644
v -0.018744 0.562799 0.496606
v -0.015198 0.595492 0.475686
v -0.021018 0.625668 0.452914
v -0.035831 0.652204 0.429298
v -0.058783 0.674065 0.405772
v -0.088650 0.690355 0.383184
v -0.123956 0.700364 0.362286
v -0.163010 0.703637 0.343755
v -0.203721 0.700114 0.328249
v -0.243063 0.690547 0.316511
v -0.278136 0.676659 0.308943
v -0.311850 0.657898 0.304666
v -0.346569 0.632237 0.303460
v -0.378892 0.600876 0.305850
v -0.405770 0.565939 0.312132
v -0.425404 0.529391 0.322463
v -0.436732 0.493072 0.336851
v -0.439249 0.458681 0.355064
v -0.432945 0.427704 0.376559
v -0.418248 0.401362 0.400483
v -0.395953 0.380584 0.425736
v -0.367131 0.366020 0.451075
v -0.333061 0.358054 0.475230
v -0.295228 0.356796 0.496974
v -0.255530 0.361991 0.515146
v -0.216868 0.372682 0.528675
v -0.150047 0.411682 0.551824
v -0.184099 0.392555 0.546993
v -0.196459 0.422778 0.557129
v -0.170050 0.437098 0.561132
v -0.113416 0.437512 0.552537
v -0.148881 0.412144 0.551843
v -0.168849 0.437575 0.561174
v -0.136516 0.459498 0.562596
v -0.078691 0.467944 0.547900
v -0.112287 0.437839 0.552353
v -0.135353 0.459843 0.562439
v -0.102238 0.487474 0.559292
v -0.049034 0.500989 0.537826
v -0.077578 0.468147 0.547514
v -0.101088 0.487696 0.558936
v -0.072033 0.518216 0.550725
v -0.026562 0.535119 0.522862
v -0.047972 0.501075 0.537255
v -0.070932 0.518320 0.550183
v -0.048652 0.549912 0.537389
v -0.012757 0.569057 0.503938
v -0.025646 0.535112 0.522179
v -0.047697 0.549921 0.536730
v -0.033822 0.581260 0.520240
v -0.008512 0.601652 0.482219
v -0.012095 0.569015 0.503292
v -0.033129 0.581230 0.519613
v -0.028562 0.611180 0.500473
v -0.014091 0.631819 0.458942
v -0.008184 0.601654 0.481791
v -0.028217 0.611189 0.500054
v -0.033227 0.638681 0.479317
v -0.029142 0.658496 0.435247
v -0.014129 0.631923 0.458857
v -0.033266 0.638785 0.479232
v -0.047547 0.662785 0.457857
v -0.052808 0.680637 0.412059
v -0.029550 0.658697 0.435510
v -0.047973 0.662980 0.458110
v -0.070723 0.682504 0.436915
v -0.083830 0.697252 0.390079
v -0.053553 0.680866 0.412557
v -0.071499 0.682721 0.437393
v -0.101509 0.696885 0.417050
v -0.120638 0.707520 0.369849
v -0.084826 0.697421 0.390640
v -0.102544 0.697035 0.417584
v -0.138246 0.705122 0.398656
v -0.161399 0.710896 0.351858
v -0.121768 0.707568 0.370326
v -0.139418 0.705148 0.399102
v -0.178811 0.706733 0.382131
v -0.203892 0.707282 0.336659
v -0.162569 0.710803 0.352175
v -0.180020 0.706617 0.382413
v -0.220223 0.701860 0.368108
v -0.244994 0.697421 0.324966
v -0.205065 0.707047 0.336795
v -0.221432 0.701602 0.368209
v -0.257565 0.692106 0.357718
v -0.281774 0.683029 0.317195
v -0.246192 0.697028 0.324922
v -0.258798 0.691692 0.357644
v -0.286274 0.680728 0.351566
v -0.317143 0.663536 0.312473
v -0.282970 0.682464 0.316985
v -0.287510 0.680151 0.351339
v -0.313982 0.665934 0.347500
v -0.353334 0.636978 0.310599
v -0.318185 0.662869 0.312126
v -0.315066 0.665263 0.347150
v -0.347126 0.642890 0.345010
v -0.386878 0.604598 0.312130
v -0.354208 0.636231 0.310114
v -0.348045 0.642142 0.344525
v -0.380229 0.612974 0.345221
v -0.414715 0.568546 0.317412
v -0.387606 0.603759 0.311501
v -0.381005 0.612135 0.344592
v -0.408515 0.579063 0.348736
v -0.435025 0.530845 0.326683
v -0.415279 0.567639 0.316673
v -0.409129 0.578154 0.347996
v -0.429569 0.543524 0.355947
v -0.446734 0.493446 0.340090
v -0.435396 0.529951 0.325930
v -0.429986 0.542626 0.355189
v -0.442136 0.508438 0.367137
v -0.449373 0.458198 0.357581
v -0.446918 0.492698 0.339476
v -0.442355 0.507686 0.366518
v -0.445683 0.475690 0.382397
v -0.443007 0.426731 0.378785
v -0.449419 0.457730 0.357266
v -0.445749 0.475219 0.382079
v -0.440233 0.446892 0.401484
v -0.428133 0.400347 0.402947
v -0.442968 0.426627 0.378869
v -0.440194 0.446787 0.401569
v -0.426218 0.423291 0.423747
v -0.405537 0.379974 0.428953
v -0.428008 0.400613 0.403429
v -0.426073 0.423559 0.424232
v -0.404347 0.405727 0.448125
v -0.376222 0.366177 0.455426
v -0.405276 0.380543 0.429727
v -0.404049 0.406299 0.448904
v -0.375556 0.394641 0.473241
v -0.341403 0.359193 0.480890
v -0.375781 0.366924 0.456325
v -0.375066 0.395391 0.474142
v -0.341061 0.390108 0.497539
v -0.302553 0.358975 0.503914
v -0.340781 0.359986 0.481753
v -0.340386 0.390902 0.498401
v -0.302534 0.391863 0.519429
v -0.261611 0.365149 0.523194
v -0.301782 0.359725 0.504646
v -0.301709 0.392612 0.520158
v -0.262605 0.399185 0.537356
v -0.221534 0.376704 0.537588
v -0.260707 0.365828 0.523768
v -0.261650 0.399862 0.537924
v -0.226068 0.410267 0.549863
v -0.185287 0.391975 0.546760
v -0.220477 0.377330 0.538003
v -0.224963 0.410893 0.550275
v -0.197689 0.422191 0.556886
v 0.143567 0.289780 0.414456
v 0.177566 0.273613 0.406176
v 0.211688 0.264346 0.393759
v 0.245030 0.262325 0.377670
v 0.276642 0.267582 0.358443
v 0.305455 0.279871 0.336725
v 0.330292 0.298711 0.313311
v 0.349947 0.323417 0.289145
v 0.363319 0.353109 0.265258
v 0.369556 0.386701 0.242665
v 0.368180 0.422903 0.222253
v 0.359169 0.460244 0.204706
v 0.342974 0.497145 0.190488
v 0.320470 0.532024 0.179897
v 0.292849 0.563418 0.173142
v 0.261467 0.590090 0.170418
v 0.227692 0.611091 0.171927
v 0.192793 0.625771 0.177838
v 0.157893 0.633751 0.188204
v 0.124009 0.634879 0.202869
v 0.092138 0.629194 0.221413
v 0.063334 0.616920 0.243155
v 0.038736 0.598475 0.267199
v 0.019516 0.574486 0.292509
v 0.006745 0.545788 0.317979
v 0.001239 0.513402 0.342495
v 0.003399 0.478495 0.364971
v 0.013128 0.442340 0.384408
v 0.029827 0.406271 0.399953
v 0.052491 0.371658 0.410967
v 0.079869 0.339861 0.417079
v 0.110640 0.312179 0.418194
v 0.203585 0.429202 0.541611
v 0.174907 0.356619 0.526304
v 0.228419 0.418891 0.535651
v 0.216667 0.338869 0.515746
v 0.260877 0.409472 0.524907
v 0.258441 0.327805 0.500498
v 0.296608 0.403652 0.509452
v 0.299012 0.323858 0.481159
v 0.331236 0.403043 0.490561
v 0.337157 0.327184 0.458465
v 0.362357 0.408191 0.469521
v 0.371595 0.337679 0.433307
v 0.388419 0.419177 0.447583
v 0.400992 0.355013 0.406741
v 0.408247 0.435775 0.425953
v 0.424043 0.378638 0.379958
v 0.420936 0.457479 0.405744
v 0.439587 0.407782 0.354197
v 0.425847 0.483501 0.387892
v 0.446744 0.441429 0.330620
v 0.422662 0.512768 0.373085
v 0.445025 0.478303 0.310182
v 0.411445 0.543944 0.361725
v 0.434408 0.516902 0.293555
v 0.392716 0.575464 0.353941
v 0.415361 0.555559 0.281110
v 0.367606 0.605547 0.349648
v 0.388802 0.592565 0.272980
v 0.338292 0.632100 0.348608
v 0.356003 0.626301 0.269159
v 0.309117 0.652499 0.350318
v 0.318452 0.655355 0.269597
v 0.285034 0.665488 0.353724
v 0.277709 0.678613 0.274253
v 0.260036 0.675531 0.359256
v 0.235293 0.695280 0.283085
v 0.227169 0.684274 0.368922
v 0.192628 0.704872 0.295987
v 0.190615 0.688734 0.382210
v 0.151064 0.707179 0.312712
v 0.154825 0.687423 0.398041
v 0.111939 0.702235 0.332826
v 0.122424 0.680162 0.415713
v 0.076631 0.690302 0.355693
v 0.095227 0.667302 0.434663
v 0.046569 0.671872 0.380511
v 0.074646 0.649461 0.454311
v 0.023163 0.647659 0.406357
v 0.061758 0.627427 0.473994
v 0.007662 0.618587 0.432233
v 0.057262 0.602091 0.492940
v 0.000993 0.585747 0.457096
v 0.061411 0.574417 0.510285
v 0.003607 0.550349 0.479888
v 0.073946 0.545416 0.525113
v 0.015388 0.513673 0.499580
v 0.094056 0.516178 0.536536
v 0.035654 0.477030 0.515234
v 0.120300 0.487967 0.543813
v 0.063251 0.441737 0.526096
v 0.150262 0.462484 0.546558
v 0.096712 0.409094 0.531658
v 0.179583 0.442326 0.545233
v 0.134448 0.380344 0.531706
v 0.209149 0.449211 0.508108
v 0.227916 0.441375 0.503671
v 0.252492 0.434284 0.495652
v 0.279585 0.430042 0.484139
v 0.305845 0.429871 0.470091
v 0.329411 0.434158 0.454444
v 0.349084 0.442916 0.438087
v 0.363977 0.455920 0.421868
v 0.373427 0.472734 0.406566
v 0.376989 0.492720 0.392850
v 0.374462 0.515051 0.381240
v 0.365923 0.538730 0.372086
v 0.351778 0.562611 0.365576
v 0.332871 0.585399 0.361758
v 0.310814 0.605547 0.360551
v 0.288848 0.621073 0.361621
v 0.270690 0.630980 0.364115
v 0.251819 0.638644 0.368278
v 0.227000 0.645335 0.375661
v 0.199434 0.648795 0.385926
v 0.172515 0.647877 0.398238
v 0.148234 0.642410 0.412004
v 0.127943 0.632630 0.426733
v 0.112660 0.618982 0.441925
v 0.103136 0.602047 0.457033
v 0.099841 0.582503 0.471454
v 0.102931 0.561101 0.484545
v 0.112214 0.538649 0.495655
v 0.127122 0.516028 0.504174
v 0.146641 0.494252 0.509604
v 0.169032 0.474656 0.511692
v 0.191054 0.459222 0.510768
v 0.221687 0.372682 0.528675
v 0.186996 0.387202 0.537251
v 0.260348 0.361991 0.515146
v 0.300047 0.356796 0.496974
v 0.337880 0.358054 0.475230
v 0.371950 0.366020 0.451075
v 0.400771 0.380584 0.425736
v 0.423067 0.401362 0.400483
v 0.437764 0.427704 0.376559
v 0.444068 0.458681 0.355064
v 0.441551 0.493072 0.336851
v 0.430223 0.529391 0.322463
v 0.410588 0.565939 0.312132
v 0.383711 0.600876 0.305850
v 0.351388 0.632237 0.303460
v 0.316669 0.657898 0.304666
v 0.282955 0.676659 0.308943
v 0.247881 0.690547 0.316511
v 0.208540 0.700114 0.328249
v 0.167829 0.703637 0.343755
v 0.128775 0.700364 0.362286
v 0.093468 0.690355 0.383184
v 0.063601 0.674065 0.405772
v 0.040650 0.652204 0.429298
v 0.025836 0.625668 0.452914
v 0.020017 0.595492 0.475686
v 0.023562 0.562799 0.496606
v 0.036277 0.528770 0.514644
v 0.057373 0.494637 0.528825
v 0.085479 0.461728 0.538338
v 0.118547 0.431597 0.542690
v 0.153458 0.406255 0.541992
v 0.225296 0.377330 0.538003
v 0.190106 0.391975 0.546760
v 0.202508 0.422191 0.556886
v 0.229782 0.410893 0.550275
v 0.265526 0.365828 0.523768
v 0.226353 0.376704 0.537588
v 0.230887 0.410267 0.549863
v 0.266469 0.399862 0.537924
v 0.306600 0.359725 0.504646
v 0.266430 0.365149 0.523194
v 0.267424 0.399185 0.537356
v 0.306528 0.392612 0.520158
v 0.345600 0.359986 0.481753
v 0.307372 0.358975 0.503914
v 0.307353 0.391863 0.519429
v 0.345205 0.390902 0.498401
v 0.380599 0.366924 0.456325
v 0.346222 0.359193 0.480890
v 0.345880 0.390108 0.497539
v 0.379885 0.395391 0.474142
v 0.410095 0.380543 0.429727
v 0.381041 0.366177 0.455426
v 0.380375 0.394641 0.473241
v 0.408867 0.406299 0.448904
v 0.432827 0.400613 0.403429
v 0.410356 0.379974 0.428953
v 0.409166 0.405727 0.448125
v 0.430891 0.423559 0.424232
v 0.447787 0.426627 0.378869
v 0.432952 0.400347 0.402947
v 0.431037 0.423291 0.423746
v 0.445012 0.446787 0.401569
v 0.454237 0.457730 0.357266
v 0.447826 0.426731 0.378785
v 0.445052 0.446892 0.401484
v 0.450567 0.475220 0.382079
v 0.451736 0.492698 0.339476
v 0.454191 0.458198 0.357581
v 0.450502 0.475690 0.382397
v 0.447174 0.507686 0.366518
v 0.440215 0.529951 0.325930
v 0.451553 0.493446 0.340090
v 0.446955 0.508438 0.367137
v 0.434805 0.542627 0.355189
v 0.420098 0.567639 0.316673
v 0.439844 0.530845 0.326683
v 0.434388 0.543524 0.355947
v 0.413947 0.578154 0.347996
v 0.392425 0.603759 0.311501
v 0.419534 0.568546 0.317411
v 0.413333 0.579063 0.348736
v 0.385824 0.612135 0.344592
v 0.359026 0.636231 0.310114
v 0.391697 0.604598 0.312130
v 0.385048 0.612974 0.345221
v 0.352864 0.642143 0.344525
v 0.323003 0.662869 0.312126
v 0.358153 0.636978 0.310599
v 0.351945 0.642890 0.345010
v 0.319885 0.665263 0.347150
v 0.287789 0.682464 0.316985
v 0.321962 0.663536 0.312473
v 0.318800 0.665934 0.347500
v 0.292329 0.680151 0.351339
v 0.251011 0.697028 0.324922
v 0.286592 0.683029 0.317194
v 0.291093 0.680728 0.351566
v 0.263617 0.691692 0.357644
v 0.209884 0.707047 0.336795
v 0.249813 0.697421 0.324966
v 0.262383 0.692106 0.357718
v 0.226251 0.701602 0.368209
v 0.167388 0.710803 0.352175
v 0.208710 0.707282 0.336659
v 0.225042 0.701860 0.368108
v 0.184838 0.706617 0.382413
v 0.126587 0.707568 0.370326
v 0.166218 0.710896 0.351858
v 0.183630 0.706733 0.382131
v 0.144236 0.705148 0.399102
v 0.089645 0.697422 0.390640
v 0.125456 0.707520 0.369849
v 0.143065 0.705122 0.398656
v 0.107363 0.697035 0.417584
v 0.058371 0.680866 0.412557
v 0.088649 0.697252 0.390079
v 0.106327 0.696885 0.417050
v 0.076317 0.682721 0.437394
v 0.034369 0.658697 0.435510
v 0.057627 0.680637 0.412059
v 0.075541 0.682504 0.436915
v 0.052791 0.662980 0.458110
v 0.018948 0.631923 0.458857
v 0.033961 0.658497 0.435247
v 0.052365 0.662785 0.457857
v 0.038085 0.638785 0.479232
v 0.013003 0.601654 0.481791
v 0.018909 0.631819 0.458942
v 0.038046 0.638681 0.479317
v 0.033036 0.611189 0.500055
v 0.016914 0.569015 0.503292
v 0.013331 0.601652 0.482219
v 0.033381 0.611180 0.500473
v 0.037948 0.581230 0.519613
v 0.030464 0.535112 0.522179
v 0.017576 0.569057 0.503938
v 0.038641 0.581260 0.520240
v 0.052516 0.549921 0.536730
v 0.052791 0.501075 0.537255
v 0.031381 0.535119 0.522862
v 0.053471 0.549912 0.537389
v 0.075751 0.518320 0.550183
v 0.082397 0.468147 0.547514
v 0.053852 0.500989 0.537826
v 0.076852 0.518215 0.550725
v 0.105906 0.487696 0.558936
v 0.117106 0.437839 0.552353
v 0.083510 0.467944 0.547900
v 0.107057 0.487474 0.559292
v 0.140172 0.459843 0.562439
v 0.153700 0.412144 0.551843
v 0.118234 0.437512 0.552537
v 0.141334 0.459498 0.562596
v 0.173668 0.437575 0.561174
v 0.188918 0.392555 0.546993
v 0.154866 0.411682 0.551824
v 0.174869 0.437098 0.561132
v 0.201278 0.422778 0.557129
v -0.204330 0.446504 0.503794
v -0.186236 0.456516 0.506454
v -0.164214 0.471949 0.507377
v -0.141822 0.491546 0.505290
v -0.122303 0.513322 0.499859
v -0.107395 0.535942 0.491341
v -0.098113 0.558394 0.480231
v -0.095023 0.579796 0.467140
v -0.098317 0.599340 0.452719
v -0.107841 0.616276 0.437611
v -0.123124 0.629924 0.422419
v -0.143415 0.639704 0.407690
v -0.167696 0.645170 0.393923
v -0.194616 0.646088 0.381612
v -0.222182 0.642629 0.371346
v -0.247000 0.635937 0.363964
v -0.265871 0.628273 0.359800
v -0.284029 0.618366 0.357307
v -0.305995 0.602841 0.356237
v -0.328052 0.582692 0.357444
v -0.346959 0.559904 0.361262
v -0.361104 0.536023 0.367772
v -0.369643 0.512345 0.376925
v -0.372171 0.490013 0.388536
v -0.368608 0.470027 0.402251
v -0.359158 0.453214 0.417553
v -0.344265 0.440210 0.433773
v -0.324593 0.431451 0.450130
v -0.301026 0.427165 0.465776
v -0.274766 0.427335 0.479824
v -0.247674 0.431578 0.491338
v -0.223097 0.438668 0.499357
v 0.209149 0.446504 0.503794
v 0.227916 0.438669 0.499357
v 0.252492 0.431578 0.491338
v 0.279585 0.427335 0.479824
v 0.305845 0.427165 0.465776
v 0.329411 0.431451 0.450130
v 0.349084 0.440210 0.433773
v 0.363977 0.453214 0.417553
v 0.373427 0.470027 0.402251
v 0.376989 0.490013 0.388536
v 0.374462 0.512345 0.376925
v 0.365923 0.536023 0.367772
v 0.351778 0.559904 0.361262
v 0.332871 0.582692 0.357444
v 0.310814 0.602841 0.356237
v 0.288848 0.618366 0.357307
v 0.270690 0.628273 0.359800
v 0.251819 0.635937 0.363964
v 0.227000 0.642629 0.371346
v 0.199434 0.646088 0.381612
v 0.172515 0.645170 0.393923
v 0.148234 0.639704 0.407690
v 0.127943 0.629924 0.422419
v 0.112660 0.616276 0.437611
v 0.103136 0.599340 0.452719
v 0.099841 0.579796 0.467140
v 0.102931 0.558394 0.480231
v 0.112214 0.535942 0.491341
v 0.127122 0.513322 0.499859
v 0.146641 0.491546 0.505290
v 0.169032 0.471949 0.507377
v 0.191054 0.456516 0.506454
v -0.204330 0.445085 0.501532
v -0.186236 0.455097 0.504192
v -0.164214 0.470530 0.505115
v -0.141822 0.490127 0.503028
v -0.122303 0.511903 0.497597
v -0.107395 0.534523 0.489079
v -0.098113 0.556975 0.477969
v -0.095023 0.578377 0.464878
v -0.098317 0.597921 0.450457
v -0.107841 0.614857 0.435349
v -0.123124 0.628505 0.420157
v -0.143415 0.638285 0.405428
v -0.167696 0.643751 0.391661
v -0.194616 0.644669 0.379350
v -0.222182 0.641210 0.369085
v -0.247000 0.634518 0.361702
v -0.265871 0.626854 0.357538
v -0.284029 0.616947 0.355045
v -0.305995 0.601422 0.353975
v -0.328052 0.581273 0.355182
v -0.346959 0.558485 0.359000
v -0.361104 0.534604 0.365510
v -0.369643 0.510926 0.374663
v -0.372171 0.488594 0.386274
v -0.368608 0.468608 0.399990
v -0.359158 0.451795 0.415292
v -0.344265 0.438790 0.431511
v -0.324593 0.430032 0.447868
v -0.301026 0.425746 0.463515
v -0.274766 0.425916 0.477562
v -0.247674 0.430159 0.489076
v -0.223097 0.437250 0.497095
v 0.209149 0.445085 0.501532
v 0.227916 0.437250 0.497095
v 0.252492 0.430159 0.489076
v 0.279585 0.425916 0.477562
v 0.305845 0.425746 0.463515
v 0.329411 0.430032 0.447868
v 0.349084 0.438790 0.431511
v 0.363977 0.451795 0.415292
v 0.373427 0.468608 0.399990
v 0.376989 0.488594 0.386274
v 0.374462 0.510926 0.374663
v 0.365923 0.534604 0.365510
v 0.351778 0.558485 0.359000
v 0.332871 0.581273 0.355182
v 0.310814 0.601422 0.353975
v 0.288848 0.616947 0.355045
v 0.270690 0.626854 0.357538
v 0.251819 0.634518 0.361702
v 0.227000 0.641210 0.369085
v 0.199434 0.644669 0.379350
v 0.172515 0.643751 0.391661
v 0.148234 0.638285 0.405428
v 0.127943 0.628505 0.420157
v 0.112660 0.614857 0.435349
v 0.103136 0.597921 0.450457
v 0.099841 0.578377 0.464878
v 0.102931 0.556975 0.477969
v 0.112214 0.534523 0.489079
v 0.127122 0.511903 0.497597
v 0.146641 0.490127 0.503028
v 0.169032 0.470530 0.505115
v 0.191054 0.455097 0.504192
v 0.000000 0.584841 0.297483
v 0.000000 0.385848 0.357710
v -0.077968 0.582610 0.290111
v -0.077968 0.383617 0.350338
v -0.152940 0.576002 0.268280
v -0.152940 0.377009 0.328507
v -0.222035 0.565273 0.232829
v -0.222035 0.366280 0.293056
v -0.282597 0.550833 0.185118
v -0.282597 0.351840 0.245345
v -0.332299 0.533238 0.126983
v -0.332299 0.334245 0.187211
v -0.369231 0.513164 0.060658
v -0.369231 0.314171 0.120885
v -0.391973 0.491382 -0.011310
v -0.391973 0.292389 0.048917
v -0.399653 0.468730 -0.086154
v -0.399653 0.269737 -0.025927
v -0.391973 0.446078 -0.160997
v -0.391973 0.247085 -0.100770
v -0.369231 0.424296 -0.232965
v -0.369231 0.225303 -0.172738
v -0.332299 0.404222 -0.299291
v -0.332299 0.205229 -0.239064
v -0.282597 0.386627 -0.357426
v -0.282597 0.187634 -0.297199
v -0.222035 0.372187 -0.405136
v -0.222035 0.173194 -0.344909
v -0.152940 0.361457 -0.440588
v -0.152940 0.162464 -0.380361
v -0.077968 0.354850 -0.462419
v -0.077968 0.155857 -0.402192
v -0.000000 0.352619 -0.469790
v -0.000000 0.153626 -0.409563
v 0.077968 0.354850 -0.462419
v 0.077968 0.155857 -0.402192
v 0.152940 0.361457 -0.440588
v 0.152940 0.162464 -0.380361
v 0.222035 0.372187 -0.405136
v 0.222035 0.173194 -0.344909
v 0.282597 0.386627 -0.357426
v 0.282597 0.187634 -0.297199
v 0.332299 0.404222 -0.299291
v 0.332299 0.205229 -0.239064
v 0.369231 0.424296 -0.232965
v 0.369231 0.225303 -0.172738
v 0.391973 0.446078 -0.160997
v 0.391973 0.247085 -0.100770
v 0.399653 0.468730 -0.086154
v 0.399653 0.269737 -0.025927
v 0.391973 0.491382 -0.011310
v 0.391973 0.292389 0.048917
v 0.369231 0.513164 0.060658
v 0.369231 0.314171 0.120885
v 0.332299 0.533238 0.126983
v 0.332299 0.334245 0.187210
v 0.282597 0.550833 0.185118
v 0.282597 0.351840 0.245345
v 0.222035 0.565273 0.232829
v 0.222035 0.366280 0.293056
v 0.152940 0.576002 0.268280
v 0.152940 0.377009 0.328507
v 0.077968 0.582610 0.290111
v 0.077968 0.383617 0.350338
v 0.000000 0.452475 0.444056
v -0.097799 0.449676 0.434809
v -0.191839 0.441388 0.407426
v -0.278507 0.427930 0.362957
v -0.354472 0.409817 0.303113
v -0.416815 0.387747 0.230192
v -0.463140 0.362567 0.146997
v -0.491667 0.335246 0.056725
v -0.501299 0.306832 -0.037154
v -0.491667 0.278419 -0.131033
v -0.463140 0.251097 -0.221305
v -0.416815 0.225918 -0.304500
v -0.354472 0.203848 -0.377420
v -0.278507 0.185735 -0.437265
v -0.191839 0.172276 -0.481733
v -0.097799 0.163989 -0.509117
v -0.000000 0.161190 -0.518363
v 0.097799 0.163989 -0.509117
v 0.191839 0.172276 -0.481734
v 0.278507 0.185735 -0.437265
v 0.354472 0.203848 -0.377420
v 0.416815 0.225918 -0.304500
v 0.463140 0.251097 -0.221305
v 0.491667 0.278419 -0.131033
v 0.501299 0.306832 -0.037154
v 0.491667 0.335246 0.056725
v 0.463140 0.362567 0.146997
v 0.416815 0.387747 0.230192
v 0.354472 0.409817 0.303113
v 0.278507 0.427930 0.362957
v 0.191839 0.441388 0.407426
v 0.097799 0.449676 0.434809
v -0.097799 0.574478 0.397037
v -0.191839 0.566190 0.369653
v -0.278507 0.552732 0.325185
v -0.354472 0.534619 0.265340
v -0.416815 0.512549 0.192419
v -0.463140 0.487369 0.109225
v -0.491667 0.460048 0.018953
v -0.501299 0.431635 -0.074926
v -0.491667 0.403221 -0.168806
v -0.463140 0.375900 -0.259077
v -0.416815 0.350720 -0.342272
v -0.354472 0.328650 -0.415193
v -0.278507 0.310537 -0.475037
v -0.191839 0.297079 -0.519506
v -0.097799 0.288791 -0.546890
v -0.000000 0.285992 -0.556136
v 0.097799 0.288791 -0.546890
v 0.191839 0.297079 -0.519506
v 0.278507 0.310537 -0.475037
v 0.354472 0.328650 -0.415193
v 0.416815 0.350720 -0.342272
v 0.463140 0.375900 -0.259077
v 0.491667 0.403221 -0.168806
v 0.501299 0.431635 -0.074926
v 0.491667 0.460048 0.018953
v 0.463140 0.487369 0.109225
v 0.416815 0.512549 0.192419
v 0.354472 0.534619 0.265340
v 0.278507 0.552732 0.325185
v 0.191839 0.566190 0.369653
v 0.097799 0.574478 0.397037
v 0.000000 0.577277 0.406283
vn 0.1134 -0.8348 0.5388
vn 0.2119 -0.8472 0.4871
vn 0.2080 -0.8525 0.4796
vn -0.0000 0.9658 0.2591
vn -0.0000 1.0000 -0.0000
vn -0.0506 0.9658 0.2541
vn -0.0000 -1.0000 -0.0000
vn -0.0000 -0.9658 0.2591
vn -0.0506 -0.9658 0.2541
vn -0.0000 -0.0746 0.9972
vn -0.1929 -0.1492 0.9698
vn -0.0000 -0.1492 0.9888
vn -0.0000 0.8761 0.4822
vn -0.0941 0.8761 0.4729
vn -0.1861 -0.2998 0.9357
vn -0.0000 -0.2998 0.9540
vn -0.0000 0.7493 0.6622
vn -0.1292 0.7493 0.6495
vn -0.1740 -0.4519 0.8749
vn -0.0000 -0.4519 0.8920
vn -0.0000 0.6038 0.7971
vn -0.1555 0.6038 0.7818
vn -0.0000 -0.6038 0.7971
vn -0.1555 -0.6038 0.7818
vn -0.1740 0.4519 0.8749
vn -0.0000 0.4519 0.8920
vn -0.1292 -0.7493 0.6495
vn -0.0000 -0.7493 0.6622
vn -0.0000 0.3760 0.9266
vn -0.1808 0.3760 0.9088
vn -0.0941 -0.8761 0.4729
vn -0.0000 -0.8761 0.4822
vn -0.3524 -0.8949 0.2739
vn -0.3311 -0.8869 0.3223
vn -0.3271 -0.8869 0.3263
vn -0.2534 -0.7493 0.6118
vn -0.1845 -0.8761 0.4455
vn 0.0457 0.9968 0.0655
vn 0.0526 0.9973 0.0516
vn 0.0468 0.9966 0.0672
vn -0.0992 -0.9658 0.2394
vn 0.6009 -0.0064 0.7993
vn 0.5918 -0.0040 0.8061
vn 0.6063 -0.0051 0.7952
vn -0.0992 0.9658 0.2394
vn -0.1945 -0.0746 0.9781
vn -0.3784 -0.1492 0.9135
vn -0.1845 0.8761 0.4455
vn -0.3651 -0.2998 0.8814
vn -0.2534 0.7493 0.6118
vn -0.3414 -0.4519 0.8241
vn -0.3050 0.6038 0.7364
vn -0.3050 -0.6038 0.7364
vn -0.3414 0.4519 0.8241
vn -0.3546 0.3760 0.8561
vn -0.5300 -0.2998 0.7932
vn -0.4956 -0.4519 0.7417
vn -0.4428 0.6038 0.6628
vn -0.4428 -0.6038 0.6628
vn -0.4956 0.4519 0.7417
vn -0.3679 -0.7493 0.5506
vn -0.5148 0.3760 0.7704
vn -0.2679 -0.8761 0.4009
vn -0.0000 0.9952 0.0983
vn 0.0196 0.9953 0.0944
vn -0.0000 0.9951 0.0989
vn -0.1440 -0.9658 0.2155
vn -0.0000 -0.8274 0.5616
vn 0.1142 -0.8316 0.5434
vn -0.1440 0.9658 0.2155
vn -0.3816 -0.0746 0.9213
vn -0.5493 -0.1492 0.8222
vn -0.2679 0.8761 0.4009
vn -0.3679 0.7493 0.5506
vn -0.3409 -0.8761 0.3409
vn -0.1832 -0.9658 0.1832
vn -0.1134 -0.8348 0.5388
vn -0.2119 -0.8472 0.4871
vn -0.1142 -0.8316 0.5434
vn -0.1832 0.9658 0.1832
vn -0.5540 -0.0746 0.8292
vn -0.6992 -0.1492 0.6992
vn -0.3409 0.8761 0.3409
vn -0.6746 -0.2998 0.6746
vn -0.4683 0.7493 0.4683
vn -0.6308 -0.4519 0.6308
vn -0.5636 0.6038 0.5636
vn -0.5636 -0.6038 0.5636
vn -0.6308 0.4519 0.6308
vn -0.4683 -0.7493 0.4683
vn -0.6552 0.3760 0.6552
vn -0.0353 0.9961 0.0808
vn -0.0468 0.9966 0.0672
vn -0.0457 0.9968 0.0655
vn -0.6628 0.6038 0.4428
vn -0.6628 -0.6038 0.4428
vn -0.7417 0.4519 0.4956
vn -0.5506 -0.7493 0.3679
vn -0.8041 0.3250 0.4978
vn -0.4009 -0.8761 0.2679
vn -0.0196 0.9953 0.0944
vn -0.0198 0.9954 0.0933
vn -0.2154 -0.9658 0.1440
vn 0.3524 -0.8949 0.2739
vn 0.3311 -0.8869 0.3223
vn 0.3492 -0.8995 0.2625
vn -0.2155 0.9658 0.1440
vn -0.7051 -0.0746 0.7051
vn -0.8222 -0.1492 0.5493
vn -0.4009 0.8761 0.2679
vn -0.7932 -0.2998 0.5300
vn -0.5506 0.7493 0.3679
vn -0.7417 -0.4519 0.4956
vn -0.8490 -0.0249 0.5278
vn -0.9135 0.1492 0.3784
vn -0.9239 -0.0000 0.3827
vn -0.2394 0.9658 0.0992
vn -0.2394 -0.9658 0.0992
vn -0.9135 -0.1492 0.3784
vn -0.4455 0.8761 0.1845
vn -0.8814 -0.2998 0.3651
vn -0.6118 0.7493 0.2534
vn -0.8241 -0.4519 0.3414
vn -0.7364 0.6038 0.3050
vn -0.7364 -0.6038 0.3050
vn -0.8241 0.4519 0.3414
vn -0.6118 -0.7493 0.2534
vn -0.8814 0.2998 0.3651
vn -0.4455 -0.8761 0.1845
vn -0.8721 0.1485 0.4662
vn -0.7818 -0.6038 0.1555
vn -0.7818 0.6038 0.1555
vn -0.8749 0.4519 0.1740
vn -0.6495 -0.7493 0.1292
vn -0.9357 0.2998 0.1861
vn -0.4729 -0.8761 0.0941
vn -0.9698 0.1492 0.1929
vn -0.2541 -0.9658 0.0506
vn -0.9808 -0.0000 0.1951
vn -0.2541 0.9658 0.0506
vn -0.9698 -0.1492 0.1929
vn -0.4729 0.8761 0.0941
vn -0.9357 -0.2998 0.1861
vn -0.6495 0.7493 0.1292
vn -0.8749 -0.4519 0.1740
vn -0.2591 0.9658 -0.0000
vn -0.2591 -0.9658 -0.0000
vn -0.9888 -0.1492 -0.0000
vn -0.4822 0.8761 -0.0000
vn -0.9540 -0.2998 -0.0000
vn -0.6622 0.7493 -0.0000
vn -0.8920 -0.4519 -0.0000
vn -0.7971 0.6038 -0.0000
vn -0.7971 -0.6038 -0.0000
vn -0.8920 0.4519 -0.0000
vn -0.6622 -0.7493 -0.0000
vn -0.9540 0.2998 -0.0000
vn -0.4822 -0.8761 -0.0000
vn -0.9888 0.1492 -0.0000
vn -1.0000 -0.0000 -0.0000
vn -0.7818 0.6038 -0.1555
vn -0.8749 0.4519 -0.1740
vn -0.7818 -0.6038 -0.1555
vn -0.6495 -0.7493 -0.1292
vn -0.9357 0.2998 -0.1861
vn -0.4729 -0.8761 -0.0941
vn -0.9698 0.1492 -0.1929
vn -0.2541 -0.9658 -0.0506
vn -0.9808 -0.0000 -0.1951
vn -0.2541 0.9658 -0.0506
vn -0.9698 -0.1492 -0.1929
vn -0.4729 0.8761 -0.0941
vn -0.9357 -0.2998 -0.1861
vn -0.6495 0.7493 -0.1292
vn -0.8749 -0.4519 -0.1740
vn -0.9135 -0.1492 -0.3784
vn -0.4455 0.8761 -0.1845
vn -0.8814 -0.2998 -0.3651
vn -0.6118 0.7493 -0.2534
vn -0.8241 -0.4519 -0.3414
vn -0.7364 0.6038 -0.3050
vn -0.7364 -0.6038 -0.3050
vn -0.8241 0.4519 -0.3414
vn -0.6118 -0.7493 -0.2534
vn -0.8814 0.2998 -0.3651
vn -0.4455 -0.8761 -0.1845
vn -0.9135 0.1492 -0.3784
vn -0.2394 -0.9658 -0.0992
vn -0.9239 -0.0000 -0.3827
vn -0.2394 0.9658 -0.0992
vn -0.6628 -0.6038 -0.4428
vn -0.5506 -0.7493 -0.3679
vn -0.7932 0.2998 -0.5300
vn -0.4009 -0.8761 -0.2679
vn -0.8222 0.1492 -0.5493
vn -0.2154 -0.9658 -0.1440
vn -0.8315 -0.0000 -0.5556
vn -0.2154 0.9658 -0.1440
vn -0.8222 -0.1492 -0.5493
vn -0.4009 0.8761 -0.2679
vn -0.7932 -0.2998 -0.5300
vn -0.5506 0.7493 -0.3679
vn -0.7417 -0.4519 -0.4956
vn -0.6628 0.6038 -0.4428
vn -0.7417 0.4519 -0.4956
vn -0.6746 -0.2998 -0.6746
vn -0.4683 0.7493 -0.4683
vn -0.6308 -0.4519 -0.6308
vn -0.5636 0.6038 -0.5636
vn -0.5636 -0.6038 -0.5636
vn -0.6308 0.4519 -0.6308
vn -0.4683 -0.7493 -0.4683
vn -0.6746 0.2998 -0.6746
vn -0.3409 -0.8761 -0.3409
vn -0.6992 0.1492 -0.6992
vn -0.1832 -0.9658 -0.1832
vn -0.7071 -0.0000 -0.7071
vn -0.1832 0.9658 -0.1832
vn -0.6992 -0.1492 -0.6992
vn -0.3409 0.8761 -0.3409
vn -0.2679 -0.8761 -0.4009
vn -0.5300 0.2998 -0.7932
vn -0.5493 0.1492 -0.8222
vn -0.1440 -0.9658 -0.2154
vn -0.5556 -0.0000 -0.8315
vn -0.1440 0.9658 -0.2154
vn -0.5493 -0.1492 -0.8222
vn -0.2679 0.8761 -0.4009
vn -0.5300 -0.2998 -0.7932
vn -0.3679 0.7493 -0.5506
vn -0.4956 -0.4519 -0.7417
vn -0.4428 0.6038 -0.6628
vn -0.4428 -0.6038 -0.6628
vn -0.4956 0.4519 -0.7417
vn -0.3679 -0.7493 -0.5506
vn -0.2534 0.7493 -0.6118
vn -0.3651 -0.2998 -0.8814
vn -0.3414 -0.4519 -0.8241
vn -0.3050 0.6038 -0.7364
vn -0.3050 -0.6038 -0.7364
vn -0.3414 0.4519 -0.8241
vn -0.2534 -0.7493 -0.6118
vn -0.3651 0.2998 -0.8814
vn -0.1845 -0.8761 -0.4455
vn -0.3784 0.1492 -0.9135
vn -0.0992 -0.9658 -0.2394
vn -0.3827 -0.0000 -0.9239
vn -0.0992 0.9658 -0.2394
vn -0.3784 -0.1492 -0.9135
vn -0.1845 0.8761 -0.4455
vn -0.1861 0.2998 -0.9357
vn -0.1929 0.1492 -0.9698
vn -0.0941 -0.8761 -0.4729
vn -0.0506 -0.9658 -0.2541
vn -0.1951 -0.0000 -0.9808
vn -0.0506 0.9658 -0.2541
vn -0.1929 -0.1492 -0.9698
vn -0.0941 0.8761 -0.4729
vn -0.1861 -0.2998 -0.9357
vn -0.1292 0.7493 -0.6495
vn -0.1740 -0.4519 -0.8749
vn -0.1555 0.6038 -0.7818
vn -0.1555 -0.6038 -0.7818
vn -0.1740 0.4519 -0.8749
vn -0.1292 -0.7493 -0.6495
vn -0.0000 -0.2998 -0.9540
vn -0.0000 -0.4519 -0.8920
vn -0.0000 0.6038 -0.7971
vn -0.0000 -0.6038 -0.7971
vn -0.0000 0.4519 -0.8920
vn -0.0000 -0.7493 -0.6622
vn -0.0000 0.2998 -0.9540
vn -0.0000 -0.8761 -0.4822
vn -0.0000 0.1492 -0.9888
vn -0.0000 -0.9658 -0.2591
vn -0.0000 -0.0000 -1.0000
vn -0.0000 0.9658 -0.2591
vn -0.0000 -0.1492 -0.9888
vn -0.0000 0.8761 -0.4822
vn -0.0000 0.7493 -0.6622
vn 0.0506 -0.9658 -0.2541
vn 0.1929 0.1492 -0.9698
vn 0.1951 -0.0000 -0.9808
vn 0.0506 0.9658 -0.2541
vn 0.1929 -0.1492 -0.9698
vn 0.0941 0.8761 -0.4729
vn 0.1861 -0.2998 -0.9357
vn 0.1292 0.7493 -0.6495
vn 0.1740 -0.4519 -0.8749
vn 0.1555 0.6038 -0.7818
vn 0.1555 -0.6038 -0.7818
vn 0.1740 0.4519 -0.8749
vn 0.1292 -0.7493 -0.6495
vn 0.1861 0.2998 -0.9357
vn 0.0941 -0.8761 -0.4729
vn 0.3050 0.6038 -0.7364
vn 0.3050 -0.6038 -0.7364
vn 0.3414 0.4519 -0.8241
vn 0.2534 -0.7493 -0.6118
vn 0.3651 0.2998 -0.8814
vn 0.1845 -0.8761 -0.4455
vn 0.3784 0.1492 -0.9135
vn 0.0992 -0.9658 -0.2394
vn 0.3827 -0.0000 -0.9239
vn 0.0992 0.9658 -0.2394
vn 0.3784 -0.1492 -0.9135
vn 0.1845 0.8761 -0.4455
vn 0.3651 -0.2998 -0.8814
vn 0.2534 0.7493 -0.6118
vn 0.3414 -0.4519 -0.8241
vn 0.5493 0.1492 -0.8222
vn 0.5556 -0.0000 -0.8315
vn 0.1440 0.9658 -0.2155
vn 0.1440 -0.9658 -0.2154
vn 0.5493 -0.1492 -0.8222
vn 0.2679 0.8761 -0.4009
vn 0.5300 -0.2998 -0.7932
vn 0.3679 0.7493 -0.5506
vn 0.4956 -0.4519 -0.7417
vn 0.4428 0.6038 -0.6628
vn 0.4428 -0.6038 -0.6628
vn 0.4956 0.4519 -0.7417
vn 0.3679 -0.7493 -0.5506
vn 0.5300 0.2998 -0.7932
vn 0.2679 -0.8761 -0.4009
vn 0.5636 -0.6038 -0.5636
vn 0.5636 0.6038 -0.5636
vn 0.6308 0.4519 -0.6308
vn 0.4683 -0.7493 -0.4683
vn 0.6746 0.2998 -0.6746
vn 0.3409 -0.8761 -0.3409
vn 0.6992 0.1492 -0.6992
vn 0.1832 -0.9658 -0.1832
vn 0.7071 -0.0000 -0.7071
vn 0.1832 0.9658 -0.1832
vn 0.6992 -0.1492 -0.6992
vn 0.3409 0.8761 -0.3409
vn 0.6746 -0.2998 -0.6746
vn 0.4683 0.7493 -0.4683
vn 0.6308 -0.4519 -0.6308
vn 0.2154 -0.9658 -0.1440
vn 0.8222 -0.1492 -0.5493
vn 0.2154 0.9658 -0.1440
vn 0.4009 0.8761 -0.2679
vn 0.7932 -0.2998 -0.5300
vn 0.5506 0.7493 -0.3679
vn 0.7417 -0.4519 -0.4956
vn 0.6628 0.6038 -0.4428
vn 0.6628 -0.6038 -0.4428
vn 0.7417 0.4519 -0.4956
vn 0.5506 -0.7493 -0.3679
vn 0.7932 0.2998 -0.5300
vn 0.4009 -0.8761 -0.2679
vn 0.8222 0.1492 -0.5493
vn 0.8315 -0.0000 -0.5556
vn 0.7364 -0.6038 -0.3050
vn 0.6118 -0.7493 -0.2534
vn 0.8814 0.2998 -0.3651
vn 0.4455 -0.8761 -0.1845
vn 0.9135 0.1492 -0.3784
vn 0.2394 -0.9658 -0.0992
vn 0.9239 -0.0000 -0.3827
vn 0.2394 0.9658 -0.0992
vn 0.9135 -0.1492 -0.3784
vn 0.4455 0.8761 -0.1845
vn 0.8814 -0.2998 -0.3651
vn 0.6118 0.7493 -0.2534
vn 0.8241 -0.4519 -0.3414
vn 0.7364 0.6038 -0.3050
vn 0.8241 0.4519 -0.3414
vn 0.4729 0.8761 -0.0941
vn 0.9357 -0.2998 -0.1861
vn 0.6495 0.7493 -0.1292
vn 0.8749 -0.4519 -0.1740
vn 0.7818 0.6038 -0.1555
vn 0.7818 -0.6038 -0.1555
vn 0.8749 0.4519 -0.1740
vn 0.6495 -0.7493 -0.1292
vn 0.9357 0.2998 -0.1861
vn 0.4729 -0.8761 -0.0941
vn 0.9698 0.1492 -0.1929
vn 0.2541 -0.9658 -0.0506
vn 0.9808 -0.0000 -0.1951
vn 0.2541 0.9658 -0.0506
vn 0.9698 -0.1492 -0.1929
vn 0.9540 0.2998 -0.0000
vn 0.4822 -0.8761 -0.0000
vn 0.9888 0.1492 -0.0000
vn 0.2591 -0.9658 -0.0000
vn 1.0000 -0.0000 -0.0000
vn 0.2591 0.9658 -0.0000
vn 0.9888 -0.1492 -0.0000
vn 0.4822 0.8761 -0.0000
vn 0.9540 -0.2998 -0.0000
vn 0.6622 0.7493 -0.0000
vn 0.8920 -0.4519 -0.0000
vn 0.7971 0.6038 -0.0000
vn 0.7971 -0.6038 -0.0000
vn 0.8920 0.4519 -0.0000
vn 0.6622 -0.7493 -0.0000
vn 0.9357 -0.2998 0.1861
vn 0.4729 0.8761 0.0941
vn 0.6495 0.7493 0.1292
vn 0.8749 -0.4519 0.1740
vn 0.7818 0.6038 0.1555
vn 0.7818 -0.6038 0.1555
vn 0.8749 0.4519 0.1740
vn 0.6495 -0.7493 0.1292
vn 0.9357 0.2998 0.1861
vn 0.4729 -0.8761 0.0941
vn 0.9698 0.1492 0.1929
vn 0.2541 -0.9658 0.0506
vn 0.9808 -0.0000 0.1951
vn 0.2541 0.9658 0.0506
vn 0.9698 -0.1492 0.1929
vn 0.4455 -0.8761 0.1845
vn 0.8814 0.2998 0.3651
vn 0.9135 0.1492 0.3784
vn 0.2394 -0.9658 0.0992
vn 0.9239 -0.0000 0.3827
vn 0.2394 0.9658 0.0992
vn 0.9135 -0.1492 0.3784
vn 0.4455 0.8761 0.1845
vn 0.8814 -0.2998 0.3651
vn 0.6118 0.7493 0.2534
vn 0.8241 -0.4519 0.3414
vn 0.7364 0.6038 0.3050
vn 0.7364 -0.6038 0.3050
vn 0.8241 0.4519 0.3414
vn 0.6118 -0.7493 0.2534
vn 0.4009 0.8761 0.2679
vn 0.5506 0.7493 0.3679
vn 0.7932 -0.2998 0.5300
vn 0.7417 -0.4519 0.4956
vn 0.6628 0.6038 0.4428
vn 0.6628 -0.6038 0.4428
vn 0.7417 0.4519 0.4956
vn 0.5506 -0.7493 0.3679
vn 0.8041 0.3250 0.4978
vn 0.4009 -0.8761 0.2679
vn 0.8721 0.1485 0.4662
vn 0.2155 -0.9658 0.1440
vn 0.8490 -0.0249 0.5278
vn 0.2154 0.9658 0.1440
vn 0.8222 -0.1492 0.5493
vn 0.0353 0.9961 0.0808
vn 0.0356 0.9959 0.0826
vn 0.1832 -0.9658 0.1832
vn -0.0000 -0.8257 0.5641
vn 0.1832 0.9658 0.1832
vn 0.6992 -0.1492 0.6992
vn 0.3409 0.8761 0.3409
vn 0.6746 -0.2998 0.6746
vn 0.4683 0.7493 0.4683
vn 0.6308 -0.4519 0.6308
vn 0.5636 0.6038 0.5636
vn 0.5636 -0.6038 0.5636
vn 0.6308 0.4519 0.6308
vn 0.4683 -0.7493 0.4683
vn 0.6552 0.3760 0.6552
vn 0.3409 -0.8761 0.3409
vn 0.5300 -0.2998 0.7932
vn 0.4956 -0.4519 0.7417
vn 0.4428 0.6038 0.6628
vn 0.4428 -0.6038 0.6628
vn 0.4956 0.4519 0.7417
vn 0.3679 -0.7493 0.5506
vn 0.5148 0.3760 0.7704
vn 0.2679 -0.8761 0.4009
vn -0.5887 -0.0052 0.8084
vn -0.5860 -0.0020 0.8103
vn -0.5846 -0.0026 0.8113
vn 0.1440 -0.9658 0.2155
vn 0.0198 0.9954 0.0933
vn 0.1440 0.9658 0.2155
vn 0.7051 -0.0746 0.7051
vn 0.5493 -0.1492 0.8222
vn 0.2679 0.8761 0.4009
vn 0.3679 0.7493 0.5506
vn 0.0992 -0.9658 0.2394
vn -0.0554 0.9975 0.0429
vn -0.0526 0.9973 0.0516
vn -0.0546 0.9977 0.0411
vn 0.0992 0.9658 0.2394
vn 0.5540 -0.0746 0.8292
vn 0.3784 -0.1492 0.9135
vn 0.1845 0.8761 0.4455
vn 0.3651 -0.2998 0.8814
vn 0.2534 0.7493 0.6118
vn 0.3414 -0.4519 0.8241
vn 0.3050 0.6038 0.7364
vn 0.3050 -0.6038 0.7364
vn 0.3414 0.4519 0.8241
vn 0.2534 -0.7493 0.6118
vn 0.3546 0.3760 0.8561
vn 0.1845 -0.8761 0.4455
vn -0.0523 0.9973 0.0520
vn 0.1555 -0.6038 0.7818
vn 0.1555 0.6038 0.7818
vn 0.1740 0.4519 0.8749
vn 0.1292 -0.7493 0.6495
vn 0.1808 0.3760 0.9088
vn 0.0941 -0.8761 0.4729
vn -0.6009 -0.0064 0.7993
vn -0.5918 -0.0040 0.8061
vn 0.0506 -0.9658 0.2541
vn 0.2785 -0.8725 0.4015
vn 0.3271 -0.8869 0.3263
vn 0.0505 0.9658 0.2541
vn 0.3816 -0.0746 0.9213
vn 0.1929 -0.1492 0.9698
vn 0.0941 0.8761 0.4729
vn 0.1861 -0.2998 0.9357
vn 0.1292 0.7493 0.6495
vn 0.1740 -0.4519 0.8749
vn 0.1945 -0.0746 0.9781
vn 0.2868 -0.8668 0.4080
vn -0.2080 -0.8525 0.4796
vn -0.2868 -0.8668 0.4080
vn -0.0000 0.1636 0.9865
vn -0.2109 0.0818 0.9741
vn -0.0000 0.0821 0.9966
vn -0.0000 0.2458 0.9693
vn -0.2088 0.1630 0.9643
vn -0.2059 0.2450 0.9474
vn -0.4057 0.1615 0.8996
vn -0.4098 0.0809 0.9086
vn -0.4000 0.2426 0.8838
vn -0.5808 0.1592 0.7983
vn -0.5864 0.0798 0.8061
vn -0.7343 0.0784 0.6743
vn -0.5725 0.2393 0.7842
vn -0.7275 0.1567 0.6680
vn -0.7170 0.2354 0.6562
vn -0.7896 0.1553 0.5936
vn -0.7969 0.0774 0.5991
vn 0.7896 0.1553 0.5936
vn 0.7170 0.2354 0.6562
vn 0.7275 0.1567 0.6680
vn 0.7969 0.0774 0.5991
vn 0.7343 0.0784 0.6743
vn 0.5725 0.2393 0.7842
vn 0.5808 0.1592 0.7983
vn 0.5864 0.0798 0.8061
vn 0.4057 0.1615 0.8996
vn 0.4098 0.0809 0.9086
vn 0.4000 0.2426 0.8838
vn 0.2059 0.2450 0.9474
vn 0.2088 0.1630 0.9643
vn 0.2109 0.0818 0.9741
vn -0.0356 0.9959 0.0826
vn 0.5887 -0.0052 0.8084
vn 0.5860 -0.0020 0.8103
vn 0.0554 0.9975 0.0429
vn 0.0523 0.9973 0.0520
vn -0.2785 -0.8725 0.4015
vn 0.3217 -0.7665 0.5558
vn 0.1320 -0.8332 0.5369
vn 0.1332 -0.8294 0.5425
vn 0.7651 -0.5133 0.3887
vn 0.6135 -0.6405 0.4620
vn 0.6430 -0.6017 0.4738
vn 0.8477 -0.4263 0.3157
vn 0.7334 -0.5481 0.4021
vn 0.8733 -0.3991 0.2795
vn 0.9336 -0.2915 0.2084
vn 0.9460 -0.2698 0.1795
vn 0.9866 -0.1345 0.0922
vn 0.9895 -0.1224 0.0768
vn 0.9989 0.0395 -0.0255
vn 0.9989 0.0405 -0.0238
vn 0.9659 0.2201 -0.1366
vn 0.9702 0.2118 -0.1179
vn 0.8884 0.3946 -0.2345
vn 0.9018 0.3816 -0.2028
vn 0.7720 0.5511 -0.3168
vn 0.7948 0.5392 -0.2786
vn 0.6239 0.6804 -0.3845
vn 0.6517 0.6742 -0.3475
vn 0.4524 0.7751 -0.4411
vn 0.4774 0.7759 -0.4123
vn 0.2669 0.8297 -0.4902
vn 0.2808 0.8344 -0.4743
vn 0.0786 0.8414 -0.5347
vn 0.0762 0.8429 -0.5327
vn -0.1023 0.8081 -0.5801
vn -0.3012 0.7256 -0.6186
vn -0.1260 0.8036 -0.5816
vn -0.4466 0.6162 -0.6488
vn -0.2594 0.7371 -0.6240
vn -0.5624 0.4847 -0.6699
vn -0.3952 0.6376 -0.6613
vn -0.6527 0.3364 -0.6788
vn -0.5097 0.5149 -0.6893
vn -0.7215 0.1739 -0.6702
vn -0.6059 0.3718 -0.7033
vn -0.7703 -0.0000 -0.6377
vn -0.6860 0.2093 -0.6968
vn -0.7979 -0.1794 -0.5754
vn -0.7492 0.0288 -0.6617
vn -0.8018 -0.3547 -0.4809
vn -0.7907 -0.1635 -0.5900
vn -0.7796 -0.5146 -0.3570
vn -0.8029 -0.3552 -0.4787
vn -0.7303 -0.6496 -0.2112
vn -0.7802 -0.5293 -0.3332
vn -0.6547 -0.7550 -0.0362
vn -0.7221 -0.6713 -0.1672
vn -0.5070 -0.8496 0.1455
vn -0.6227 -0.7825 0.0003
vn -0.5579 -0.8204 0.1253
vn -0.3708 -0.8829 0.2882
vn -0.4211 -0.8651 0.2724
vn -0.2199 -0.8863 0.4076
vn -0.0612 -0.8718 0.4860
vn -0.2561 -0.8837 0.3918
vn -0.0457 -0.8677 0.4950
vn 0.4936 -0.6894 0.5302
vn 0.3056 -0.7826 0.5423
vn 0.4676 -0.7182 0.5153
vn 0.4146 -0.5054 -0.7567
vn 0.4197 -0.5012 -0.7567
vn 0.3774 -0.5093 -0.7735
vn -0.5398 0.6528 0.5315
vn -0.5255 0.7031 0.4790
vn -0.5388 0.6653 0.5168
vn 0.0105 0.8471 -0.5314
vn 0.1470 0.8379 -0.5256
vn 0.1663 0.8353 -0.5240
vn -0.4088 0.1983 0.8908
vn -0.4604 0.2251 0.8587
vn -0.4356 0.2642 0.8605
vn -0.1610 0.3676 0.9159
vn -0.1835 0.3090 0.9332
vn -0.2091 0.3720 0.9044
vn -0.3693 0.7858 0.4962
vn -0.3363 0.7573 0.5598
vn -0.3380 0.7702 0.5409
vn -0.4714 0.4465 0.7605
vn -0.5616 0.4630 0.6858
vn -0.4876 0.4930 0.7205
vn -0.2177 0.2024 0.9548
vn -0.2309 0.1176 0.9658
vn -0.1913 0.1484 0.9703
vn -0.2971 0.6364 0.7119
vn -0.2130 0.6282 0.7483
vn -0.2932 0.5820 0.7585
vn -0.5552 0.6169 0.5578
vn -0.5388 0.6237 0.5663
vn -0.3718 0.1451 0.9169
vn -0.4197 0.1882 0.8879
vn -0.1660 0.4313 0.8868
vn -0.2390 0.4306 0.8703
vn -0.4111 0.7483 0.5206
vn -0.4102 0.7833 0.4671
vn -0.4613 0.3944 0.7948
vn -0.5481 0.3989 0.7352
vn -0.1895 0.2307 0.9544
vn -0.1700 0.1926 0.9665
vn -0.3028 0.6907 0.6566
vn -0.2381 0.6805 0.6930
vn -0.4515 0.7310 0.5116
vn -0.4560 0.7651 0.4546
vn -0.5649 0.5728 0.5940
vn -0.5273 0.5797 0.6212
vn -0.3281 0.1119 0.9380
vn -0.3788 0.1660 0.9105
vn -0.1779 0.4982 0.8486
vn -0.2660 0.4820 0.8348
vn -0.4892 0.7080 0.5093
vn -0.4972 0.7370 0.4579
vn -0.4517 0.3325 0.8279
vn -0.5274 0.3349 0.7808
vn -0.1721 0.2664 0.9484
vn -0.1687 0.2473 0.9541
vn -0.3157 0.7375 0.5970
vn -0.2683 0.7197 0.6403
vn -0.5675 0.5208 0.6378
vn -0.5082 0.5357 0.6744
vn -0.2978 0.1645 0.9404
vn -0.2795 0.1033 0.9546
vn -0.2846 0.5319 0.7976
vn -0.5185 0.6823 0.5154
vn -0.4974 0.2752 0.8227
vn -0.1629 0.3119 0.9360
vn -0.3016 0.7450 0.5950
vn -0.2559 0.1796 0.9499
vn -0.1939 0.5664 0.8010
vn -0.0172 -0.3464 0.9379
vn -0.1343 -0.3705 0.9191
vn -0.1597 -0.3779 0.9120
vn -0.2694 -0.3873 0.8817
vn -0.2967 -0.3974 0.8684
vn -0.4027 -0.3993 0.8237
vn -0.4262 -0.4109 0.8059
vn -0.5320 -0.4053 0.7434
vn -0.5507 -0.4168 0.7232
vn -0.6574 -0.3977 0.6400
vn -0.6709 -0.4073 0.6197
vn -0.7768 -0.3638 0.5141
vn -0.7847 -0.3705 0.4970
vn -0.8824 -0.2886 0.3715
vn -0.8849 -0.2929 0.3622
vn -0.9601 -0.1629 0.2273
vn -0.9588 -0.1672 0.2295
vn -0.9947 0.0064 0.1023
vn -0.9932 -0.0012 0.1168
vn -0.9806 0.1953 0.0130
vn -0.9825 0.1824 0.0367
vn -0.9258 0.3763 -0.0374
vn -0.9335 0.3584 -0.0094
vn -0.8502 0.5247 -0.0431
vn -0.8639 0.5024 -0.0352
vn -0.7677 0.6387 -0.0531
vn -0.7494 0.6609 -0.0414
vn -0.6653 0.7450 -0.0487
vn -0.6460 0.7624 -0.0380
vn -0.5525 0.8326 -0.0389
vn -0.5373 0.8429 -0.0305
vn -0.4274 0.9039 -0.0173
vn -0.3129 0.9496 0.0174
vn -0.2969 0.9547 0.0183
vn -0.1836 0.9812 0.0596
vn -0.1606 0.9854 0.0574
vn -0.0410 0.9941 0.1001
vn -0.0169 0.9954 0.0939
vn 0.1280 0.9825 0.1353
vn 0.1398 0.9799 0.1422
vn 0.2841 0.9409 0.1846
vn 0.2893 0.9430 0.1644
vn 0.4425 0.8653 0.2354
vn 0.4531 0.8635 0.2216
vn 0.5864 0.7490 0.3084
vn 0.5968 0.7428 0.3036
vn 0.6920 0.5948 0.4090
vn 0.6965 0.5861 0.4141
vn 0.7366 0.4182 0.5316
vn 0.7319 0.4094 0.5447
vn 0.7124 0.2425 0.6585
vn 0.6986 0.2352 0.6757
vn 0.6320 0.0875 0.7700
vn 0.6113 0.0822 0.7871
vn 0.5181 -0.0390 0.8544
vn 0.4936 -0.0426 0.8686
vn 0.3902 -0.1402 0.9100
vn 0.3650 -0.1424 0.9201
vn 0.2587 -0.2231 0.9398
vn 0.2363 -0.2240 0.9455
vn 0.1248 -0.2932 0.9479
vn 0.1116 -0.2911 0.9502
vn 0.0337 -0.3120 0.9495
vn 0.0334 -0.3119 0.9495
vn 0.0420 -0.3143 0.9484
vn 0.3734 -0.7872 0.4909
vn 0.3726 -0.7818 0.5000
vn 0.3724 -0.7805 0.5022
vn -0.9278 -0.3728 -0.0101
vn -0.9290 -0.3699 0.0129
vn -0.9274 -0.3736 -0.0168
vn -0.4849 0.7795 0.3965
vn -0.4830 0.7792 0.3994
vn 0.7834 0.6183 -0.0631
vn 0.7844 0.5947 -0.1762
vn 0.7825 0.5857 -0.2113
vn 0.1509 -0.2562 0.9548
vn 0.1456 -0.2551 0.9559
vn 0.1671 -0.2596 0.9511
vn 0.5202 -0.7376 0.4304
vn 0.5195 -0.7295 0.4450
vn 0.5194 -0.7278 0.4478
vn -0.7666 -0.6261 0.1425
vn -0.7581 -0.5887 0.2806
vn -0.7658 -0.6360 0.0946
vn -0.5256 0.7401 0.4195
vn -0.5202 0.7395 0.4272
vn 0.5660 0.7323 -0.3785
vn 0.6444 0.7166 -0.2667
vn 0.5004 0.7351 -0.4574
vn 0.2742 -0.1874 0.9432
vn 0.2640 -0.1858 0.9465
vn 0.2949 -0.1906 0.9363
vn 0.6569 -0.6851 0.3147
vn 0.6578 -0.6752 0.3336
vn 0.6580 -0.6734 0.3370
vn -0.5287 -0.7196 0.4502
vn -0.6245 -0.7083 0.3291
vn -0.6480 -0.7023 0.2949
vn -0.5450 0.6954 0.4684
vn -0.5348 0.6956 0.4797
vn 0.4119 0.7575 -0.5065
vn 0.4861 0.7594 -0.4325
vn 0.3513 0.7503 -0.5601
vn 0.4023 -0.1029 0.9097
vn 0.3902 -0.1019 0.9151
vn 0.4256 -0.1048 0.8988
vn 0.7682 -0.6236 0.1446
vn 0.7724 -0.6134 0.1647
vn 0.7731 -0.6116 0.1682
vn -0.3766 -0.7392 0.5584
vn -0.4644 -0.7451 0.4787
vn -0.4900 -0.7448 0.4530
vn -0.5416 0.6472 0.5365
vn -0.5280 0.6498 0.5469
vn 0.2676 0.7651 -0.5857
vn 0.3252 0.7737 -0.5437
vn 0.2187 0.7549 -0.6183
vn 0.5288 0.0050 0.8487
vn 0.5172 0.0049 0.8558
vn 0.5520 0.0054 0.8339
vn 0.8325 -0.5501 -0.0657
vn 0.8398 -0.5407 -0.0489
vn 0.8411 -0.5389 -0.0457
vn -0.2361 -0.7454 0.6234
vn -0.3053 -0.7574 0.5772
vn -0.3287 -0.7603 0.5602
vn -0.5165 0.5998 0.6111
vn -0.5030 0.6048 0.6174
vn 0.1253 0.7721 -0.6230
vn 0.1667 0.7819 -0.6007
vn 0.0885 0.7620 -0.6415
vn 0.6383 0.1449 0.7560
vn 0.6296 0.1436 0.7635
vn 0.6574 0.1475 0.7390
vn 0.8382 -0.4678 -0.2803
vn 0.8458 -0.4602 -0.2699
vn 0.8474 -0.4585 -0.2678
vn -0.1002 -0.7544 0.6488
vn -0.1509 -0.7670 0.6236
vn -0.1704 -0.7712 0.6133
vn -0.4773 0.5588 0.6782
vn -0.4672 0.5648 0.6803
vn -0.0134 0.7838 -0.6208
vn 0.0140 0.7923 -0.6099
vn -0.0386 0.7754 -0.6303
vn 0.7054 0.3179 0.6335
vn 0.7009 0.3165 0.6392
vn 0.7165 0.3212 0.6193
vn 0.8026 -0.3828 -0.4574
vn 0.8069 -0.3784 -0.4536
vn 0.8079 -0.3773 -0.4527
vn 0.0305 -0.7707 0.6365
vn -0.0035 -0.7815 0.6239
vn -0.0177 -0.7857 0.6184
vn -0.4376 0.5266 0.7288
vn -0.4321 0.5315 0.7286
vn -0.1447 0.7990 -0.5837
vn -0.1308 0.8043 -0.5796
vn -0.1575 0.7938 -0.5874
vn 0.7035 0.5090 0.4960
vn 0.7026 0.5084 0.4979
vn 0.7059 0.5103 0.4912
vn 0.7608 -0.2906 -0.5802
vn 0.7616 -0.2903 -0.5795
vn 0.7606 -0.2907 -0.5804
vn 0.1544 -0.7910 0.5920
vn 0.1367 -0.7980 0.5870
vn 0.1290 -0.8009 0.5848
vn -0.4098 0.4994 0.7633
vn -0.2660 0.8102 -0.5223
vn -0.2667 0.8099 -0.5225
vn -0.2653 0.8105 -0.5222
vn 0.6247 0.6884 0.3686
vn 0.6256 0.6892 0.3656
vn 0.6224 0.6862 0.3765
vn 0.7310 -0.1741 -0.6597
vn 0.7372 -0.1695 -0.6540
vn 0.7295 -0.1753 -0.6611
vn 0.2725 -0.8045 0.5278
vn 0.2707 -0.8053 0.5274
vn 0.2699 -0.8057 0.5272
vn -0.4017 0.4664 0.7881
vn -0.3785 0.8065 -0.4541
vn -0.3949 0.7969 -0.4572
vn -0.3647 0.8144 -0.4514
vn 0.4889 0.8295 0.2700
vn 0.4897 0.8313 0.2630
vn 0.4866 0.8245 0.2888
vn 0.7087 -0.0046 -0.7055
vn 0.7181 0.0068 -0.6959
vn 0.7068 -0.0069 -0.7074
vn 0.3879 -0.7976 0.4618
vn 0.4008 -0.7898 0.4643
vn 0.4058 -0.7867 0.4652
vn -0.4083 0.4166 0.8123
vn -0.4868 0.7778 -0.3974
vn -0.5186 0.7540 -0.4032
vn -0.4618 0.7954 -0.3926
vn 0.3273 0.9230 0.2025
vn 0.3271 0.9250 0.1933
vn 0.3276 0.9171 0.2272
vn 0.6565 0.2210 -0.7213
vn 0.6643 0.2379 -0.7086
vn 0.6551 0.2180 -0.7235
vn 0.5032 -0.7604 0.4105
vn 0.5288 -0.7402 0.4153
vn 0.5375 -0.7330 0.4168
vn -0.4178 0.3439 0.8409
vn -0.5938 0.7176 -0.3639
vn -0.6396 0.6725 -0.3725
vn -0.5599 0.7478 -0.3568
vn 0.1591 0.9752 0.1539
vn 0.1679 0.9743 0.1503
vn 0.1923 0.9712 0.1404
vn 0.5401 0.4581 -0.7060
vn 0.5433 0.4746 -0.6925
vn 0.5396 0.4553 -0.7082
vn 0.6170 -0.6876 0.3828
vn 0.6538 -0.6485 0.3900
vn 0.6643 -0.6365 0.3919
vn -0.4154 0.2534 0.8736
vn -0.6976 0.6221 -0.3555
vn -0.7542 0.5441 -0.3675
vn -0.6569 0.6700 -0.3458
vn 0.0059 0.9930 0.1180
vn 0.0134 0.9933 0.1146
vn 0.0346 0.9939 0.1048
vn 0.3679 0.6424 -0.6723
vn 0.3680 0.6532 -0.6617
vn 0.3679 0.6406 -0.6740
vn 0.7237 -0.5768 0.3789
vn 0.7690 -0.5074 0.3889
vn 0.7797 -0.4891 0.3910
vn -0.3917 0.1619 0.9057
vn -0.7926 0.4878 -0.3657
vn -0.8511 0.3626 -0.3797
vn -0.7487 0.5608 -0.3535
vn -0.1331 0.9876 0.0838
vn -0.1279 0.9885 0.0811
vn -0.1118 0.9911 0.0727
vn 0.1779 0.7455 -0.6423
vn 0.1775 0.7500 -0.6372
vn 0.1780 0.7447 -0.6432
vn 0.8487 -0.3129 0.4264
vn 0.8427 -0.4067 0.3528
vn 0.8479 -0.2790 0.4507
vn -0.3482 0.0893 0.9332
vn -0.8983 0.1339 -0.4185
vn -0.9058 0.2775 -0.3203
vn -0.9027 0.3182 -0.2895
vn -0.2576 0.9651 0.0470
vn -0.2555 0.9657 0.0458
vn -0.2454 0.9686 0.0400
vn -0.0005 0.7765 -0.6302
vn -0.0005 0.7760 -0.6307
vn -0.0006 0.7765 -0.6301
vn 0.8977 -0.0670 0.4355
vn 0.9147 -0.1943 0.3544
vn 0.8885 -0.0282 0.4580
vn -0.2929 0.0492 0.9549
vn -0.9259 -0.1256 -0.3562
vn -0.9600 0.0098 -0.2800
vn -0.9650 0.0463 -0.2581
vn -0.3703 0.9288 0.0114
vn -0.3704 0.9288 0.0114
vn -0.3679 0.9298 0.0099
vn -0.1552 0.7489 -0.6443
vn -0.1589 0.7515 -0.6403
vn -0.1600 0.7523 -0.6391
vn 0.9063 0.2076 0.3682
vn 0.9444 0.1024 0.3124
vn 0.8933 0.2360 0.3826
vn -0.2331 0.0451 0.9714
vn -0.2329 0.0450 0.9715
vn -0.9145 -0.3786 -0.1428
vn -0.9226 -0.3616 -0.1343
vn -0.9247 -0.3571 -0.1320
vn -0.4782 0.8782 -0.0102
vn -0.4782 0.8782 -0.0103
vn -0.4828 0.8756 -0.0164
vn -0.2860 0.6765 -0.6786
vn -0.2928 0.6809 -0.6713
vn -0.2946 0.6820 -0.6694
vn 0.8726 0.4650 0.1494
vn 0.8603 0.4843 0.1593
vn 0.8759 0.4597 0.1467
vn -0.1790 0.0724 0.9812
vn -0.1822 0.0744 0.9805
vn -0.7991 -0.5931 0.0983
vn -0.7271 -0.6849 0.0470
vn -0.7055 -0.7079 0.0330
vn -0.5834 0.8119 -0.0202
vn -0.5812 0.8136 -0.0173
vn -0.5919 0.8054 -0.0316
vn -0.3838 0.5628 -0.7321
vn -0.3951 0.5699 -0.7205
vn -0.3974 0.5714 -0.7181
vn 0.7463 0.6591 -0.0924
vn 0.6435 0.7650 -0.0263
vn 0.7731 0.6245 -0.1115
vn -0.1468 0.1246 0.9813
vn -0.1557 0.1295 0.9793
vn -0.4813 -0.8506 0.2116
vn -0.6132 -0.7671 0.1885
vn -0.3898 -0.8933 0.2238
vn -0.6863 0.7268 -0.0272
vn -0.6822 0.7308 -0.0215
vn -0.6963 0.7165 -0.0414
vn -0.4441 0.4063 -0.7986
vn -0.4601 0.4158 -0.7845
vn -0.4629 0.4175 -0.7820
vn 0.4020 0.8933 -0.2010
vn 0.5596 0.8100 -0.1753
vn 0.5910 0.7888 -0.1690
vn -0.1450 0.1942 0.9702
vn -0.1602 0.1999 0.9666
vn -0.2914 -0.9171 0.2719
vn -0.4070 -0.8769 0.2556
vn -0.2157 -0.9354 0.2801
vn -0.7848 0.6190 -0.0302
vn -0.7803 0.6249 -0.0237
vn -0.7952 0.6046 -0.0456
vn -0.4564 0.2048 -0.8659
vn -0.4766 0.2147 -0.8525
vn -0.4799 0.2163 -0.8503
vn 0.2231 0.9393 -0.2608
vn 0.3576 0.9018 -0.2426
vn 0.3879 0.8905 -0.2376
vn -0.1715 0.2735 0.9465
vn -0.1897 0.2759 0.9423
vn -0.1340 -0.9360 0.3255
vn -0.2182 -0.9237 0.3148
vn -0.0786 -0.9403 0.3312
vn -0.8753 0.4831 -0.0219
vn -0.8715 0.4901 -0.0161
vn -0.8846 0.4648 -0.0365
vn -0.4091 -0.0298 -0.9120
vn -0.4304 -0.0227 -0.9024
vn -0.4340 -0.0215 -0.9007
vn 0.0773 0.9460 -0.3149
vn 0.1765 0.9367 -0.3025
vn 0.2019 0.9327 -0.2988
vn -0.2187 0.3496 0.9110
vn -0.2350 0.3472 0.9079
vn -0.0054 -0.9215 0.3883
vn -0.0627 -0.9223 0.3815
vn 0.0330 -0.9193 0.3921
vn -0.9472 0.3204 0.0070
vn -0.9479 0.3182 0.0151
vn -0.9496 0.3108 0.0409
vn -0.3095 -0.2597 -0.9148
vn -0.3265 -0.2575 -0.9095
vn -0.3297 -0.2571 -0.9084
vn -0.0377 0.9245 -0.3792
vn 0.0312 0.9281 -0.3710
vn 0.0507 0.9283 -0.3683
vn -0.2736 0.4102 0.8700
vn -0.2849 0.4049 0.8688
vn 0.0933 -0.8811 0.4637
vn 0.0570 -0.8862 0.4598
vn 0.1181 -0.8769 0.4660
vn -0.9891 0.1266 0.0754
vn -0.9888 0.1257 0.0806
vn -0.9876 0.1222 0.0989
vn -0.1979 -0.4449 -0.8735
vn -0.2062 -0.4457 -0.8711
vn -0.2080 -0.4458 -0.8706
vn -0.1217 0.8811 -0.4571
vn -0.0774 0.8885 -0.4523
vn -0.0638 0.8904 -0.4507
vn -0.3214 0.4519 0.8321
vn -0.3272 0.4472 0.8325
vn 0.1634 -0.8199 0.5487
vn 0.1454 -0.8243 0.5472
vn 0.1756 -0.8168 0.5496
vn -0.9802 -0.0681 0.1861
vn -0.9799 -0.0681 0.1875
vn -0.9788 -0.0685 0.1930
vn -0.1211 -0.5828 -0.8036
vn -0.1199 -0.5824 -0.8040
vn -0.1196 -0.5823 -0.8041
vn -0.1793 0.8192 -0.5447
vn -0.1567 0.8251 -0.5428
vn -0.1495 0.8269 -0.5422
vn -0.3521 0.4825 0.8020
vn 0.2128 -0.7432 0.6343
vn 0.2137 -0.7429 0.6344
vn 0.2122 -0.7434 0.6343
vn -0.9171 -0.2285 0.3266
vn -0.9178 -0.2287 0.3245
vn -0.9204 -0.2296 0.3164
vn -0.0907 -0.6996 -0.7088
vn -0.1018 -0.6999 -0.7070
vn -0.0882 -0.6995 -0.7091
vn -0.2237 0.7425 -0.6314
vn -0.2214 0.7433 -0.6313
vn -0.2207 0.7435 -0.6313
vn -0.3603 0.5157 0.7773
vn 0.2582 -0.6573 0.7080
vn 0.2794 -0.6491 0.7076
vn 0.2445 -0.6624 0.7081
vn -0.8156 -0.3331 0.4731
vn -0.8178 -0.3346 0.4683
vn -0.8250 -0.3398 0.4516
vn -0.1117 -0.8178 -0.5645
vn -0.1308 -0.8198 -0.5575
vn -0.1081 -0.8174 -0.5658
vn -0.2741 0.6559 -0.7034
vn -0.2908 0.6493 -0.7027
vn -0.2958 0.6473 -0.7025
vn -0.3513 0.5628 0.7482
vn 0.3184 -0.5689 0.7583
vn 0.3613 -0.5499 0.7530
vn 0.2922 -0.5798 0.7606
vn -0.6969 -0.3849 0.6052
vn -0.7001 -0.3881 0.5993
vn -0.7103 -0.3983 0.5804
vn -0.1500 -0.9250 -0.3491
vn -0.1718 -0.9263 -0.3353
vn -0.1464 -0.9247 -0.3514
vn -0.3467 0.5652 -0.7485
vn -0.3818 0.5494 -0.7432
vn -0.3911 0.5450 -0.7416
vn -0.3341 0.6267 0.7040
vn 0.4057 -0.4820 0.7766
vn 0.4717 -0.4489 0.7589
vn 0.3669 -0.4997 0.7847
vn -0.5740 -0.4006 0.7142
vn -0.5776 -0.4050 0.7088
vn -0.5885 -0.4183 0.6919
vn -0.1600 -0.9833 -0.0871
vn -0.1778 -0.9815 -0.0713
vn -0.1572 -0.9835 -0.0896
vn -0.4482 0.4741 -0.7579
vn -0.5023 0.4461 -0.7408
vn -0.5148 0.4392 -0.7363
vn -0.3213 0.6983 0.6396
vn 0.5208 -0.3963 0.7561
vn 0.6105 -0.3441 0.7133
vn 0.4686 -0.4229 0.7756
vn -0.4513 -0.3968 0.7993
vn -0.4546 -0.4013 0.7952
vn -0.4644 -0.4153 0.7822
vn -0.1172 -0.9808 0.1561
vn -0.1281 -0.9775 0.1676
vn -0.1153 -0.9813 0.1542
vn -0.5740 0.3827 -0.7240
vn -0.6479 0.3373 -0.6830
vn -0.6626 0.3274 -0.6736
vn -0.3231 0.7613 0.5621
vn 0.6547 -0.3061 0.6911
vn 0.7617 -0.2294 0.6060
vn 0.5895 -0.3449 0.7304
vn -0.3287 -0.3845 0.8626
vn -0.3311 -0.3883 0.8600
vn -0.3389 -0.4007 0.8512
vn -0.0287 -0.9412 0.3366
vn -0.0332 -0.9392 0.3417
vn -0.0278 -0.9416 0.3357
vn -0.8011 0.2421 -0.5474
vn -0.7200 0.2352 -0.6529
vn -0.8236 0.2434 -0.5122
vn -0.3437 0.8024 0.4879
vn 0.8957 -0.1287 0.4257
vn 0.7996 -0.1229 0.5878
vn 0.7687 -0.1206 0.6281
vn -0.2058 -0.3697 0.9060
vn -0.2068 -0.3714 0.9051
vn -0.2120 -0.3803 0.9002
vn 0.0886 -0.8892 0.4488
vn 0.0891 -0.8895 0.4482
vn 0.0885 -0.8892 0.4489
vn -0.9246 0.1080 -0.3653
vn -0.8540 0.1043 -0.5097
vn -0.9399 0.1086 -0.3236
vn -0.3813 0.8172 0.4321
vn 0.9671 0.0587 0.2476
vn 0.9138 0.0632 0.4012
vn 0.8957 0.0641 0.4400
vn -0.0841 -0.3498 0.9330
vn -0.0841 -0.3498 0.9331
vn -0.0854 -0.3522 0.9320
vn 0.2258 -0.8383 0.4963
vn 0.2252 -0.8353 0.5015
vn 0.2250 -0.8345 0.5029
vn -0.9820 -0.0834 -0.1692
vn -0.9530 -0.0880 -0.2898
vn -0.9872 -0.0819 -0.1368
vn -0.4318 0.8077 0.4014
vn -0.4319 0.8078 0.4012
vn 0.9309 0.3510 0.1008
vn 0.9280 0.3527 0.1204
vn 0.9271 0.3531 0.1259
vn -0.4936 -0.6894 0.5302
vn -0.3056 -0.7826 0.5423
vn -0.4676 -0.7182 0.5153
vn 0.0612 -0.8718 0.4860
vn 0.2199 -0.8863 0.4076
vn 0.0457 -0.8677 0.4950
vn 0.4211 -0.8651 0.2725
vn 0.2561 -0.8837 0.3918
vn 0.5579 -0.8204 0.1253
vn 0.3708 -0.8829 0.2882
vn 0.6547 -0.7550 -0.0362
vn 0.5070 -0.8496 0.1455
vn 0.7221 -0.6713 -0.1672
vn 0.6227 -0.7825 0.0003
vn 0.7303 -0.6496 -0.2112
vn 0.7802 -0.5293 -0.3332
vn 0.7796 -0.5146 -0.3570
vn 0.8029 -0.3552 -0.4787
vn 0.8018 -0.3547 -0.4809
vn 0.7907 -0.1635 -0.5900
vn 0.7979 -0.1794 -0.5754
vn 0.7492 0.0288 -0.6617
vn 0.7703 -0.0000 -0.6377
vn 0.6860 0.2093 -0.6968
vn 0.7215 0.1739 -0.6702
vn 0.6059 0.3718 -0.7033
vn 0.6527 0.3364 -0.6788
vn 0.5097 0.5149 -0.6893
vn 0.5624 0.4847 -0.6699
vn 0.3952 0.6376 -0.6613
vn 0.4466 0.6161 -0.6488
vn 0.2594 0.7371 -0.6240
vn 0.3012 0.7256 -0.6186
vn 0.1023 0.8081 -0.5801
vn -0.0762 0.8429 -0.5327
vn 0.1260 0.8036 -0.5816
vn -0.2808 0.8344 -0.4743
vn -0.0786 0.8414 -0.5347
vn -0.4774 0.7759 -0.4123
vn -0.2669 0.8297 -0.4902
vn -0.6517 0.6742 -0.3475
vn -0.4524 0.7751 -0.4411
vn -0.7948 0.5392 -0.2786
vn -0.6239 0.6804 -0.3845
vn -0.9018 0.3816 -0.2028
vn -0.7720 0.5511 -0.3168
vn -0.9702 0.2118 -0.1179
vn -0.8884 0.3946 -0.2345
vn -0.9989 0.0405 -0.0238
vn -0.9659 0.2201 -0.1366
vn -0.9895 -0.1224 0.0768
vn -0.9989 0.0395 -0.0255
vn -0.9460 -0.2698 0.1795
vn -0.9866 -0.1345 0.0922
vn -0.8733 -0.3991 0.2795
vn -0.9336 -0.2915 0.2084
vn -0.7651 -0.5134 0.3887
vn -0.8477 -0.4263 0.3157
vn -0.6135 -0.6405 0.4620
vn -0.7334 -0.5481 0.4021
vn -0.6430 -0.6017 0.4738
vn -0.3217 -0.7665 0.5558
vn -0.1320 -0.8332 0.5369
vn -0.1332 -0.8294 0.5425
vn -0.3443 -0.4927 -0.7992
vn -0.4002 -0.4785 -0.7816
vn -0.4050 -0.4846 -0.7754
vn 0.3363 0.7573 0.5598
vn 0.3693 0.7858 0.4962
vn 0.3380 0.7702 0.5409
vn 0.9003 0.3686 -0.2313
vn 0.7953 0.5136 -0.3222
vn 0.8964 0.3754 -0.2355
vn 0.1835 0.3090 0.9332
vn 0.1610 0.3676 0.9159
vn 0.2091 0.3720 0.9044
vn 0.4604 0.2251 0.8587
vn 0.4088 0.1983 0.8908
vn 0.4356 0.2642 0.8605
vn 0.5255 0.7031 0.4790
vn 0.5398 0.6528 0.5315
vn 0.5388 0.6653 0.5168
vn 0.1939 0.5664 0.8010
vn 0.2932 0.5820 0.7585
vn 0.2846 0.5319 0.7976
vn 0.2795 0.1033 0.9546
vn 0.2559 0.1796 0.9499
vn 0.2309 0.1176 0.9658
vn 0.5082 0.5357 0.6744
vn 0.5616 0.4630 0.6858
vn 0.4876 0.4930 0.7205
vn 0.3016 0.7450 0.5950
vn 0.3157 0.7375 0.5970
vn 0.1687 0.2473 0.9541
vn 0.1629 0.3119 0.9360
vn 0.4974 0.2752 0.8227
vn 0.4517 0.3325 0.8279
vn 0.4972 0.7370 0.4579
vn 0.5185 0.6823 0.5154
vn 0.1779 0.4982 0.8486
vn 0.2660 0.4820 0.8348
vn 0.3281 0.1119 0.9380
vn 0.2978 0.1645 0.9404
vn 0.5273 0.5797 0.6212
vn 0.5675 0.5208 0.6378
vn 0.4560 0.7651 0.4546
vn 0.4892 0.7080 0.5093
vn 0.2683 0.7197 0.6403
vn 0.3028 0.6907 0.6566
vn 0.1700 0.1926 0.9665
vn 0.1721 0.2664 0.9484
vn 0.5274 0.3349 0.7808
vn 0.4613 0.3944 0.7948
vn 0.4102 0.7833 0.4671
vn 0.4515 0.7310 0.5116
vn 0.2390 0.4306 0.8703
vn 0.3788 0.1660 0.9105
vn 0.3718 0.1451 0.9169
vn 0.5388 0.6237 0.5663
vn 0.5649 0.5728 0.5940
vn 0.2381 0.6805 0.6930
vn 0.2971 0.6364 0.7119
vn 0.1913 0.1484 0.9703
vn 0.1895 0.2307 0.9544
vn 0.5481 0.3989 0.7352
vn 0.4714 0.4465 0.7605
vn 0.4111 0.7483 0.5206
vn 0.1660 0.4313 0.8868
vn 0.4197 0.1882 0.8879
vn 0.5552 0.6169 0.5578
vn 0.2130 0.6282 0.7483
vn 0.2177 0.2024 0.9548
vn 0.0172 -0.3464 0.9379
vn -0.1116 -0.2911 0.9502
vn -0.1248 -0.2932 0.9479
vn -0.2363 -0.2240 0.9455
vn -0.2587 -0.2231 0.9398
vn -0.3650 -0.1424 0.9201
vn -0.3902 -0.1402 0.9100
vn -0.4936 -0.0426 0.8686
vn -0.5181 -0.0390 0.8544
vn -0.6113 0.0822 0.7871
vn -0.6320 0.0875 0.7700
vn -0.6986 0.2352 0.6757
vn -0.7124 0.2425 0.6585
vn -0.7319 0.4094 0.5447
vn -0.7366 0.4182 0.5316
vn -0.6965 0.5861 0.4141
vn -0.6920 0.5948 0.4090
vn -0.5968 0.7428 0.3036
vn -0.5864 0.7490 0.3084
vn -0.4531 0.8635 0.2216
vn -0.4425 0.8653 0.2354
vn -0.2893 0.9430 0.1644
vn -0.2841 0.9409 0.1846
vn -0.1280 0.9825 0.1353
vn -0.1398 0.9799 0.1422
vn 0.0169 0.9954 0.0939
vn 0.0410 0.9941 0.1001
vn 0.1606 0.9854 0.0574
vn 0.1836 0.9812 0.0596
vn 0.2969 0.9547 0.0183
vn 0.3129 0.9496 0.0174
vn 0.4274 0.9039 -0.0173
vn 0.5373 0.8429 -0.0305
vn 0.5525 0.8326 -0.0389
vn 0.6460 0.7624 -0.0380
vn 0.6653 0.7450 -0.0487
vn 0.7494 0.6609 -0.0414
vn 0.7677 0.6387 -0.0531
vn 0.8502 0.5247 -0.0431
vn 0.8639 0.5024 -0.0352
vn 0.9335 0.3584 -0.0094
vn 0.9258 0.3763 -0.0374
vn 0.9825 0.1824 0.0367
vn 0.9806 0.1953 0.0130
vn 0.9932 -0.0012 0.1168
vn 0.9947 0.0064 0.1023
vn 0.9588 -0.1672 0.2295
vn 0.9601 -0.1629 0.2273
vn 0.8849 -0.2929 0.3622
vn 0.8824 -0.2886 0.3715
vn 0.7847 -0.3705 0.4970
vn 0.7768 -0.3638 0.5141
vn 0.6709 -0.4073 0.6197
vn 0.6574 -0.3977 0.6400
vn 0.5507 -0.4168 0.7232
vn 0.5320 -0.4053 0.7434
vn 0.4262 -0.4109 0.8059
vn 0.4027 -0.3993 0.8237
vn 0.2967 -0.3974 0.8684
vn 0.2694 -0.3873 0.8817
vn 0.1597 -0.3779 0.9120
vn 0.1343 -0.3705 0.9191
vn 0.0841 -0.3498 0.9331
vn 0.0841 -0.3498 0.9330
vn 0.0854 -0.3522 0.9320
vn -0.2258 -0.8383 0.4963
vn -0.2252 -0.8353 0.5015
vn -0.2260 -0.8390 0.4950
vn -0.9309 0.3510 0.1008
vn -0.9280 0.3526 0.1204
vn -0.9317 0.3505 0.0952
vn 0.4318 0.8077 0.4014
vn 0.9820 -0.0834 -0.1692
vn 0.9530 -0.0880 -0.2898
vn 0.9431 -0.0890 -0.3205
vn 0.2068 -0.3714 0.9051
vn 0.2059 -0.3697 0.9060
vn 0.2120 -0.3803 0.9002
vn -0.0886 -0.8892 0.4488
vn -0.0891 -0.8895 0.4482
vn -0.0892 -0.8895 0.4481
vn -0.9671 0.0587 0.2476
vn -0.9138 0.0632 0.4012
vn -0.9772 0.0573 0.2044
vn 0.3813 0.8172 0.4321
vn 0.3842 0.8139 0.4358
vn 0.9246 0.1080 -0.3653
vn 0.8540 0.1043 -0.5097
vn 0.8319 0.1028 -0.5453
vn 0.3311 -0.3883 0.8600
vn 0.3287 -0.3845 0.8626
vn 0.3389 -0.4007 0.8512
vn 0.0287 -0.9412 0.3366
vn 0.0332 -0.9392 0.3417
vn 0.0340 -0.9388 0.3427
vn -0.8957 -0.1287 0.4257
vn -0.7996 -0.1229 0.5878
vn -0.9177 -0.1295 0.3756
vn 0.3437 0.8024 0.4879
vn 0.3511 0.7951 0.4945
vn 0.8011 0.2421 -0.5474
vn 0.7200 0.2352 -0.6529
vn 0.6940 0.2324 -0.6815
vn 0.4546 -0.4013 0.7952
vn 0.4513 -0.3968 0.7993
vn 0.4644 -0.4153 0.7822
vn 0.1172 -0.9808 0.1561
vn 0.1281 -0.9775 0.1676
vn 0.1299 -0.9769 0.1695
vn -0.6547 -0.3061 0.6911
vn -0.7617 -0.2294 0.6060
vn -0.7803 -0.2138 0.5877
vn 0.3231 0.7613 0.5621
vn 0.3347 0.7519 0.5680
vn 0.5740 0.3827 -0.7240
vn 0.6479 0.3373 -0.6830
vn 0.5275 0.4080 -0.7451
vn 0.5776 -0.4050 0.7088
vn 0.5740 -0.4006 0.7142
vn 0.5885 -0.4183 0.6919
vn 0.1600 -0.9833 -0.0871
vn 0.1778 -0.9815 -0.0713
vn 0.1807 -0.9811 -0.0687
vn -0.5208 -0.3963 0.7561
vn -0.6105 -0.3441 0.7133
vn -0.6286 -0.3324 0.7031
vn 0.3213 0.6983 0.6396
vn 0.3346 0.6899 0.6420
vn 0.4482 0.4741 -0.7579
vn 0.5023 0.4461 -0.7408
vn 0.4142 0.4903 -0.7668
vn 0.7001 -0.3881 0.5993
vn 0.6969 -0.3849 0.6052
vn 0.7103 -0.3983 0.5804
vn 0.1500 -0.9250 -0.3491
vn 0.1718 -0.9263 -0.3353
vn 0.1754 -0.9265 -0.3330
vn -0.4057 -0.4820 0.7766
vn -0.4717 -0.4489 0.7589
vn -0.4871 -0.4406 0.7541
vn 0.3341 0.6267 0.7040
vn 0.3460 0.6215 0.7028
vn 0.3467 0.5652 -0.7485
vn 0.3818 0.5494 -0.7432
vn 0.3242 0.5748 -0.7513
vn 0.8178 -0.3346 0.4683
vn 0.8156 -0.3331 0.4731
vn 0.8250 -0.3398 0.4516
vn 0.1117 -0.8178 -0.5645
vn 0.1308 -0.8198 -0.5575
vn 0.1345 -0.8202 -0.5561
vn -0.3184 -0.5689 0.7583
vn -0.3613 -0.5499 0.7530
vn -0.3727 -0.5446 0.7513
vn 0.3513 0.5628 0.7482
vn 0.3594 0.5612 0.7456
vn 0.2740 0.6559 -0.7034
vn 0.2908 0.6493 -0.7027
vn 0.2630 0.6601 -0.7036
vn 0.9178 -0.2287 0.3245
vn 0.9171 -0.2285 0.3266
vn 0.9204 -0.2296 0.3165
vn 0.0907 -0.6996 -0.7088
vn 0.1018 -0.6999 -0.7070
vn 0.1043 -0.6999 -0.7066
vn -0.2582 -0.6573 0.7080
vn -0.2794 -0.6491 0.7076
vn -0.2857 -0.6466 0.7073
vn 0.3603 0.5157 0.7773
vn 0.3636 0.5159 0.7757
vn 0.2237 0.7425 -0.6314
vn 0.2214 0.7433 -0.6313
vn 0.2253 0.7420 -0.6314
vn 0.9799 -0.0681 0.1875
vn 0.9802 -0.0681 0.1861
vn 0.9788 -0.0685 0.1930
vn 0.1211 -0.5828 -0.8036
vn 0.1199 -0.5824 -0.8040
vn 0.1214 -0.5829 -0.8035
vn -0.2128 -0.7432 0.6343
vn -0.2137 -0.7429 0.6344
vn -0.2140 -0.7428 0.6344
vn 0.3521 0.4825 0.8020
vn 0.3503 0.4820 0.8031
vn 0.1793 0.8192 -0.5447
vn 0.1567 0.8251 -0.5428
vn 0.1944 0.8151 -0.5458
vn 0.9888 0.1257 0.0806
vn 0.9891 0.1266 0.0754
vn 0.9876 0.1222 0.0989
vn 0.1979 -0.4449 -0.8735
vn 0.2062 -0.4457 -0.8711
vn 0.1961 -0.4447 -0.8740
vn -0.1634 -0.8199 0.5487
vn -0.1454 -0.8243 0.5472
vn -0.1397 -0.8256 0.5467
vn 0.3214 0.4519 0.8321
vn 0.1217 0.8811 -0.4571
vn 0.0774 0.8885 -0.4523
vn 0.1506 0.8752 -0.4597
vn 0.9479 0.3182 0.0151
vn 0.9472 0.3204 0.0070
vn 0.9496 0.3108 0.0409
vn 0.3095 -0.2597 -0.9148
vn 0.3265 -0.2575 -0.9095
vn 0.3063 -0.2601 -0.9157
vn -0.0933 -0.8811 0.4637
vn -0.0570 -0.8862 0.4598
vn -0.0459 -0.8875 0.4585
vn 0.2736 0.4102 0.8700
vn 0.0378 0.9245 -0.3792
vn -0.0312 0.9281 -0.3710
vn 0.0815 0.9200 -0.3835
vn 0.8715 0.4901 -0.0161
vn 0.8753 0.4831 -0.0219
vn 0.8846 0.4648 -0.0365
vn 0.4091 -0.0298 -0.9120
vn 0.4304 -0.0227 -0.9024
vn 0.4055 -0.0310 -0.9136
vn 0.0054 -0.9215 0.3883
vn 0.0627 -0.9223 0.3815
vn 0.0787 -0.9219 0.3793
vn 0.2187 0.3496 0.9110
vn -0.0773 0.9460 -0.3149
vn -0.1765 0.9367 -0.3025
vn -0.0160 0.9469 -0.3210
vn 0.7803 0.6249 -0.0237
vn 0.7848 0.6190 -0.0302
vn 0.7952 0.6046 -0.0456
vn 0.4564 0.2048 -0.8659
vn 0.4766 0.2147 -0.8525
vn 0.4531 0.2031 -0.8680
vn 0.1340 -0.9360 0.3255
vn 0.2182 -0.9237 0.3148
vn 0.2392 -0.9196 0.3118
vn 0.1715 0.2735 0.9465
vn -0.2231 0.9393 -0.2608
vn -0.3576 0.9018 -0.2426
vn -0.1406 0.9528 -0.2692
vn 0.6822 0.7308 -0.0215
vn 0.6863 0.7268 -0.0272
vn 0.6963 0.7165 -0.0414
vn 0.4440 0.4063 -0.7986
vn 0.4601 0.4158 -0.7845
vn 0.4412 0.4047 -0.8010
vn 0.2914 -0.9171 0.2719
vn 0.4070 -0.8769 0.2556
vn 0.4325 -0.8659 0.2514
vn 0.1450 0.1942 0.9702
vn -0.4020 0.8933 -0.2010
vn -0.5596 0.8100 -0.1753
vn -0.3001 0.9297 -0.2135
vn 0.5812 0.8136 -0.0173
vn 0.5834 0.8119 -0.0202
vn 0.5919 0.8054 -0.0316
vn 0.3838 0.5628 -0.7321
vn 0.3951 0.5699 -0.7205
vn 0.3816 0.5613 -0.7344
vn 0.4813 -0.8506 0.2116
vn 0.6132 -0.7671 0.1885
vn 0.6388 -0.7473 0.1830
vn 0.1468 0.1246 0.9813
vn -0.7463 0.6591 -0.0924
vn -0.6435 0.7650 -0.0263
vn -0.6118 0.7910 -0.0077
vn 0.4782 0.8782 -0.0103
vn 0.4782 0.8782 -0.0102
vn 0.4828 0.8756 -0.0164
vn 0.2860 0.6765 -0.6786
vn 0.2928 0.6809 -0.6713
vn 0.2842 0.6754 -0.6805
vn 0.7991 -0.5931 0.0983
vn 0.7271 -0.6849 0.0470
vn 0.8171 -0.5654 0.1125
vn 0.1790 0.0724 0.9812
vn -0.8726 0.4650 0.1494
vn -0.8603 0.4843 0.1593
vn -0.8569 0.4894 0.1619
vn 0.3704 0.9288 0.0114
vn 0.3703 0.9288 0.0114
vn 0.3680 0.9298 0.0099
vn 0.1552 0.7489 -0.6443
vn 0.1589 0.7515 -0.6403
vn 0.1541 0.7481 -0.6454
vn 0.9145 -0.3786 -0.1428
vn 0.9226 -0.3616 -0.1343
vn 0.9122 -0.3832 -0.1451
vn 0.2331 0.0451 0.9714
vn -0.9063 0.2076 0.3682
vn -0.9444 0.1024 0.3124
vn -0.9520 0.0744 0.2969
vn 0.2555 0.9657 0.0458
vn 0.2576 0.9651 0.0470
vn 0.2454 0.9686 0.0401
vn 0.0005 0.7765 -0.6302
vn 0.0005 0.7760 -0.6307
vn 0.0005 0.7759 -0.6309
vn 0.9259 -0.1256 -0.3562
vn 0.9600 0.0097 -0.2800
vn 0.9118 -0.1640 -0.3765
vn 0.2929 0.0492 0.9549
vn 0.2916 0.0548 0.9550
vn -0.8977 -0.0670 0.4355
vn -0.9147 -0.1943 0.3544
vn -0.9157 -0.2293 0.3301
vn 0.1279 0.9885 0.0811
vn 0.1331 0.9876 0.0838
vn 0.1118 0.9911 0.0727
vn -0.1779 0.7455 -0.6423
vn -0.1775 0.7500 -0.6372
vn -0.1774 0.7508 -0.6362
vn 0.8983 0.1339 -0.4185
vn 0.9058 0.2775 -0.3203
vn 0.8902 0.0870 -0.4473
vn 0.3482 0.0893 0.9332
vn 0.3441 0.1005 0.9335
vn -0.8487 -0.3129 0.4264
vn -0.8427 -0.4067 0.3528
vn -0.8381 -0.4363 0.3275
vn -0.0134 0.9933 0.1146
vn -0.0059 0.9930 0.1180
vn -0.0346 0.9939 0.1048
vn -0.3679 0.6424 -0.6723
vn -0.3680 0.6532 -0.6617
vn -0.3680 0.6550 -0.6599
vn 0.7926 0.4878 -0.3657
vn 0.8511 0.3626 -0.3797
vn 0.8622 0.3329 -0.3819
vn 0.3917 0.1619 0.9057
vn 0.3836 0.1749 0.9068
vn -0.7237 -0.5768 0.3789
vn -0.7690 -0.5074 0.3889
vn -0.6893 -0.6227 0.3704
vn -0.1679 0.9743 0.1503
vn -0.1591 0.9752 0.1539
vn -0.1923 0.9712 0.1404
vn -0.5401 0.4580 -0.7060
vn -0.5433 0.4746 -0.6925
vn -0.5439 0.4773 -0.6902
vn 0.6976 0.6221 -0.3555
vn 0.7542 0.5441 -0.3675
vn 0.7678 0.5230 -0.3701
vn 0.4154 0.2535 0.8736
vn 0.4044 0.2639 0.8757
vn -0.6170 -0.6876 0.3828
vn -0.6538 -0.6485 0.3900
vn -0.5883 -0.7156 0.3766
vn -0.3271 0.9250 0.1933
vn -0.3273 0.9230 0.2025
vn -0.3276 0.9171 0.2272
vn -0.6565 0.2210 -0.7213
vn -0.6643 0.2379 -0.7086
vn -0.6656 0.2410 -0.7063
vn 0.5938 0.7176 -0.3639
vn 0.6396 0.6725 -0.3725
vn 0.6528 0.6583 -0.3748
vn 0.4178 0.3439 0.8409
vn 0.4070 0.3497 0.8438
vn -0.5032 -0.7604 0.4105
vn -0.5288 -0.7402 0.4153
vn -0.4822 -0.7761 0.4064
vn -0.4897 0.8313 0.2630
vn -0.4889 0.8295 0.2700
vn -0.4866 0.8245 0.2888
vn -0.7087 -0.0046 -0.7055
vn -0.7181 0.0068 -0.6959
vn -0.7200 0.0092 -0.6939
vn 0.4868 0.7778 -0.3974
vn 0.5186 0.7540 -0.4032
vn 0.5294 0.7455 -0.4050
vn 0.4083 0.4166 0.8123
vn 0.4005 0.4184 0.8152
vn -0.3879 -0.7976 0.4618
vn -0.4008 -0.7898 0.4643
vn -0.3769 -0.8042 0.4596
vn -0.6256 0.6892 0.3656
vn -0.6247 0.6884 0.3686
vn -0.6224 0.6862 0.3765
vn -0.7310 -0.1741 -0.6597
vn -0.7373 -0.1695 -0.6540
vn -0.7388 -0.1683 -0.6526
vn 0.3785 0.8065 -0.4541
vn 0.3949 0.7969 -0.4572
vn 0.4013 0.7930 -0.4584
vn 0.4017 0.4664 0.7881
vn 0.3985 0.4663 0.7898
vn -0.2725 -0.8045 0.5278
vn -0.2707 -0.8053 0.5274
vn -0.2741 -0.8037 0.5282
vn -0.7026 0.5084 0.4979
vn -0.7035 0.5090 0.4960
vn -0.7059 0.5103 0.4912
vn -0.7608 -0.2906 -0.5802
vn -0.7616 -0.2903 -0.5795
vn -0.7618 -0.2902 -0.5792
vn 0.2660 0.8102 -0.5223
vn 0.2667 0.8099 -0.5225
vn 0.2670 0.8097 -0.5226
vn 0.4098 0.4994 0.7633
vn 0.4115 0.4999 0.7621
vn -0.1544 -0.7910 0.5920
vn -0.1367 -0.7980 0.5870
vn -0.1702 -0.7845 0.5963
vn -0.7009 0.3165 0.6392
vn -0.7054 0.3179 0.6335
vn -0.7165 0.3212 0.6193
vn -0.8026 -0.3828 -0.4574
vn -0.8069 -0.3784 -0.4536
vn -0.8016 -0.3839 -0.4583
vn 0.1447 0.7990 -0.5837
vn 0.1308 0.8043 -0.5796
vn 0.1247 0.8066 -0.5778
vn 0.4376 0.5266 0.7288
vn -0.0305 -0.7707 0.6365
vn 0.0035 -0.7815 0.6239
vn -0.0603 -0.7603 0.6468
vn -0.6296 0.1436 0.7635
vn -0.6383 0.1449 0.7560
vn -0.6574 0.1475 0.7390
vn -0.8382 -0.4678 -0.2803
vn -0.8458 -0.4602 -0.2699
vn -0.8366 -0.4694 -0.2824
vn 0.0134 0.7838 -0.6208
vn -0.0140 0.7923 -0.6099
vn -0.0255 0.7956 -0.6052
vn 0.4773 0.5588 0.6782
vn 0.1002 -0.7544 0.6488
vn 0.1509 -0.7670 0.6236
vn 0.0571 -0.7417 0.6683
vn -0.5172 0.0049 0.8558
vn -0.5288 0.0050 0.8487
vn -0.5520 0.0054 0.8339
vn -0.8325 -0.5501 -0.0657
vn -0.8398 -0.5407 -0.0489
vn -0.8311 -0.5518 -0.0689
vn -0.1253 0.7721 -0.6230
vn -0.1667 0.7819 -0.6007
vn -0.1825 0.7851 -0.5919
vn 0.5165 0.5998 0.6111
vn 0.2361 -0.7454 0.6234
vn 0.3053 -0.7574 0.5772
vn 0.1800 -0.7321 0.6569
vn -0.3902 -0.1019 0.9151
vn -0.4023 -0.1029 0.9097
vn -0.4256 -0.1048 0.8988
vn -0.7682 -0.6236 0.1446
vn -0.7724 -0.6134 0.1647
vn -0.7674 -0.6254 0.1411
vn -0.2676 0.7651 -0.5857
vn -0.3252 0.7737 -0.5437
vn -0.3443 0.7757 -0.5289
vn 0.5416 0.6472 0.5365
vn 0.3766 -0.7392 0.5584
vn 0.4644 -0.7451 0.4787
vn 0.3077 -0.7280 0.6126
vn -0.2640 -0.1858 0.9465
vn -0.2742 -0.1874 0.9432
vn -0.2949 -0.1906 0.9363
vn -0.6569 -0.6851 0.3147
vn -0.6578 -0.6752 0.3336
vn -0.6567 -0.6869 0.3113
vn -0.4119 0.7575 -0.5065
vn -0.4861 0.7594 -0.4325
vn -0.5070 0.7584 -0.4097
vn 0.5450 0.6954 0.4684
vn 0.5287 -0.7196 0.4502
vn 0.6245 -0.7083 0.3291
vn 0.4520 -0.7170 0.5306
vn -0.1456 -0.2551 0.9559
vn -0.1509 -0.2562 0.9548
vn -0.1671 -0.2596 0.9511
vn -0.5203 -0.7376 0.4304
vn -0.5195 -0.7295 0.4450
vn -0.5204 -0.7392 0.4275
vn -0.5660 0.7323 -0.3785
vn -0.6444 0.7166 -0.2667
vn -0.6629 0.7103 -0.2367
vn 0.5256 0.7401 0.4195
vn 0.7666 -0.6261 0.1425
vn 0.7581 -0.5887 0.2806
vn 0.7520 -0.5738 0.3246
vn -0.0334 -0.3119 0.9495
vn -0.0337 -0.3120 0.9495
vn -0.0420 -0.3143 0.9484
vn -0.3734 -0.7872 0.4909
vn -0.3726 -0.7818 0.5000
vn -0.3736 -0.7884 0.4887
vn -0.7834 0.6183 -0.0631
vn -0.7844 0.5947 -0.1762
vn -0.7809 0.6242 -0.0263
vn 0.4849 0.7795 0.3965
vn 0.9278 -0.3728 -0.0101
vn 0.9290 -0.3699 0.0129
vn 0.9292 -0.3690 0.0195
vn -0.5461 0.7096 -0.4452
vn -0.3859 0.7815 -0.4903
vn -0.3621 0.7896 -0.4954
vn 0.4311 0.7643 -0.4795
vn 0.5474 0.7089 -0.4447
vn 0.5598 0.7019 -0.4404
vn 0.9012 -0.3672 0.2304
vn 0.9769 -0.1809 0.1135
vn 0.9072 -0.3564 0.2236
vn 0.6913 0.6121 -0.3840
vn 0.8024 0.5055 -0.3171
vn -0.1580 0.8365 -0.5247
vn -0.0110 0.8471 -0.5314
vn 0.9749 -0.1886 0.1183
vn 0.9997 0.0193 -0.0121
vn 0.5725 0.6945 -0.4357
vn 0.6812 0.6201 -0.3890
vn -0.3384 0.7971 -0.5001
vn -0.1814 0.8330 -0.5226
vn 0.9998 0.0181 -0.0113
vn 0.9630 0.2283 -0.1432
vn 0.4462 0.7581 -0.4756
vn 0.9608 0.2348 -0.1473
vn 0.8657 0.4240 -0.2660
vn -0.5247 0.7211 -0.4524
vn 0.3111 0.8051 -0.5050
vn -0.7042 0.6014 -0.3773
vn 0.8572 0.4363 -0.2737
vn 0.7202 0.5877 -0.3687
vn -0.8572 0.4363 -0.2737
vn -0.7202 0.5877 -0.3687
vn 0.7042 0.6014 -0.3773
vn 0.5461 0.7096 -0.4452
vn -0.3111 0.8051 -0.5051
vn -0.4311 0.7643 -0.4795
vn -0.2939 0.8097 -0.5080
vn -0.9608 0.2348 -0.1473
vn -0.8657 0.4240 -0.2660
vn 0.5247 0.7211 -0.4524
vn 0.3621 0.7896 -0.4954
vn -0.4462 0.7581 -0.4756
vn -0.5598 0.7019 -0.4404
vn -0.9998 0.0180 -0.0113
vn -0.9630 0.2283 -0.1432
vn 0.3384 0.7971 -0.5001
vn 0.1814 0.8331 -0.5226
vn -0.5725 0.6945 -0.4357
vn -0.6812 0.6201 -0.3890
vn -0.9749 -0.1886 0.1183
vn -0.9997 0.0193 -0.0121
vn 0.1580 0.8365 -0.5247
vn 0.0110 0.8471 -0.5314
vn -0.6913 0.6121 -0.3840
vn -0.7953 0.5136 -0.3222
vn -0.9012 -0.3672 0.2304
vn -0.9769 -0.1809 0.1135
vn -0.0105 0.8471 -0.5314
vn -0.1470 0.8379 -0.5256
vn -0.9003 0.3686 -0.2313
vn -0.8024 0.5055 -0.3171
vn -0.8070 -0.5003 0.3138
vn -0.9072 -0.3564 0.2236
vn -0.1663 0.8353 -0.5240
vn -0.9724 0.1976 -0.1240
vn -0.8964 0.3754 -0.2355
vn -0.7972 -0.5114 0.3208
vn -0.6897 -0.6134 0.3848
vn -1.0000 -0.0031 0.0019
vn -0.9714 0.2010 -0.1261
vn -0.6774 -0.6232 0.3909
vn -0.5633 -0.6999 0.4391
vn -0.9667 -0.2167 0.1360
vn -1.0000 -0.0054 0.0034
vn -0.5494 -0.7078 0.4441
vn -0.4311 -0.7644 0.4795
vn -0.8698 -0.4179 0.2622
vn -0.9641 -0.2250 0.1411
vn -0.4159 -0.7704 0.4833
vn -0.2927 -0.8100 0.5081
vn -0.7239 -0.5844 0.3666
vn -0.8618 -0.4296 0.2695
vn -0.2761 -0.8142 0.5108
vn -0.1461 -0.8380 0.5257
vn -0.5517 -0.7065 0.4432
vn -0.7105 -0.5961 0.3740
vn -0.1280 -0.8401 0.5271
vn 0.0106 -0.8471 0.5314
vn -0.3724 -0.7862 0.4932
vn -0.5347 -0.7158 0.4491
vn 0.0297 -0.8467 0.5312
vn 0.1775 -0.8337 0.5230
vn -0.1969 -0.8305 0.5210
vn -0.3536 -0.7924 0.4971
vn 0.1969 -0.8305 0.5210
vn 0.3536 -0.7924 0.4971
vn -0.0297 -0.8467 0.5312
vn -0.1775 -0.8337 0.5230
vn 0.3724 -0.7862 0.4932
vn 0.5347 -0.7158 0.4491
vn 0.1280 -0.8401 0.5271
vn -0.0106 -0.8471 0.5314
vn 0.5517 -0.7065 0.4432
vn 0.7105 -0.5961 0.3740
vn 0.2761 -0.8142 0.5108
vn 0.1461 -0.8380 0.5257
vn 0.7239 -0.5844 0.3666
vn 0.8618 -0.4296 0.2695
vn 0.4159 -0.7704 0.4833
vn 0.2927 -0.8100 0.5081
vn 0.8698 -0.4179 0.2622
vn 0.9641 -0.2250 0.1411
vn 0.5493 -0.7078 0.4441
vn 0.4311 -0.7644 0.4795
vn 0.9667 -0.2167 0.1360
vn 1.0000 -0.0054 0.0034
vn 0.6774 -0.6232 0.3909
vn 0.5633 -0.6999 0.4391
vn 1.0000 -0.0031 0.0019
vn 0.9714 0.2010 -0.1261
vn 0.7972 -0.5114 0.3208
vn 0.6897 -0.6134 0.3848
vn 0.9724 0.1976 -0.1240
vn 0.2939 0.8097 -0.5080
vn 0.8070 -0.5003 0.3138
vn -0.3991 0.4872 0.7767
vn -0.3914 0.4920 0.7777
vn -0.3632 0.4952 0.7892
vn 0.3786 0.5018 0.7777
vn 0.3847 0.4973 0.7777
vn 0.3426 0.5091 0.7896
vn -0.6973 -0.6072 0.3809
vn 0.4162 0.7703 -0.4832
vn -0.5678 0.6973 -0.4375
vn -0.5179 -0.7247 0.4546
vn -0.7365 0.5730 -0.3595
vn -0.3349 -0.7982 0.5007
vn -0.8745 0.4108 -0.2577
vn -0.1583 -0.8364 0.5247
vn -0.9653 0.2212 -0.1388
vn 0.0084 -0.8471 0.5314
vn -0.9997 0.0207 -0.0130
vn 0.1641 -0.8356 0.5242
vn -0.9790 -0.1727 0.1083
vn 0.3094 -0.8056 0.5053
vn -0.8168 -0.4887 0.3066
vn -0.9134 -0.3449 0.2164
vn 0.4463 -0.7580 0.4756
vn -0.7020 -0.6033 0.3785
vn 0.5772 -0.6917 0.4340
vn -0.5772 -0.6917 0.4340
vn 0.7020 -0.6033 0.3785
vn -0.4463 -0.7581 0.4756
vn 0.8168 -0.4887 0.3066
vn -0.3094 -0.8055 0.5053
vn 0.9790 -0.1727 0.1084
vn 0.9134 -0.3449 0.2164
vn -0.1641 -0.8356 0.5242
vn 0.9997 0.0207 -0.0130
vn -0.0084 -0.8471 0.5314
vn 0.9653 0.2212 -0.1388
vn 0.1583 -0.8364 0.5247
vn 0.8745 0.4108 -0.2577
vn 0.3349 -0.7982 0.5007
vn 0.7365 0.5730 -0.3595
vn 0.5179 -0.7247 0.4546
vn 0.5678 0.6973 -0.4375
vn -0.4162 0.7703 -0.4832
vn -0.2767 0.8140 -0.5107
vn 0.6973 -0.6072 0.3809
vn 0.3859 0.7815 -0.4903
vn -0.5473 0.7089 -0.4448
vn 0.8540 -0.4407 0.2765
vn 0.2046 0.8292 -0.5202
vn -0.6714 0.6278 -0.3938
vn 0.9615 -0.2328 0.1460
vn 0.0324 0.8467 -0.5311
vn -0.7883 0.5212 -0.3270
vn 1.0000 -0.0075 0.0047
vn -0.1278 0.8402 -0.5271
vn 0.9705 0.2041 -0.1281
vn -0.8927 0.3818 -0.2395
vn 0.8927 0.3818 -0.2395
vn 0.2767 0.8140 -0.5107
vn -0.9705 0.2041 -0.1281
vn 0.7883 0.5212 -0.3270
vn 0.1278 0.8402 -0.5271
vn -1.0000 -0.0075 0.0047
vn -0.0324 0.8467 -0.5312
vn -0.9615 -0.2328 0.1460
vn 0.6714 0.6278 -0.3938
vn -0.2047 0.8292 -0.5202
vn -0.8540 -0.4407 0.2765
vn -0.0000 0.7917 -0.6109
vn 0.0696 0.7937 -0.6044
vn 0.0695 0.7937 -0.6044
vn 0.1364 0.7995 -0.5850
vn 0.1363 0.7995 -0.5850
vn 0.1980 0.8090 -0.5535
vn 0.1979 0.8090 -0.5535
vn 0.2520 0.8217 -0.5111
vn 0.2519 0.8217 -0.5112
vn 0.2963 0.8373 -0.4596
vn 0.2962 0.8372 -0.4597
vn 0.3292 0.8550 -0.4008
vn 0.3494 0.8743 -0.3370
vn 0.3494 0.8742 -0.3370
vn 0.3563 0.8943 -0.2707
vn 0.3494 0.9144 -0.2044
vn 0.3494 0.9144 -0.2043
vn 0.3292 0.9337 -0.1406
vn 0.3292 0.9338 -0.1405
vn 0.2963 0.9516 -0.0818
vn 0.2962 0.9516 -0.0817
vn 0.2520 0.9672 -0.0303
vn 0.2519 0.9673 -0.0302
vn 0.1980 0.9801 0.0120
vn 0.1979 0.9801 0.0121
vn 0.1364 0.9897 0.0434
vn 0.1363 0.9897 0.0435
vn 0.0696 0.9956 0.0628
vn 0.0695 0.9956 0.0628
vn -0.0000 0.9976 0.0694
vn -0.0695 0.9956 0.0628
vn -0.0696 0.9956 0.0628
vn -0.1363 0.9897 0.0435
vn -0.1364 0.9897 0.0434
vn -0.1979 0.9801 0.0121
vn -0.1980 0.9801 0.0120
vn -0.2519 0.9673 -0.0302
vn -0.2520 0.9672 -0.0303
vn -0.2962 0.9516 -0.0817
vn -0.2963 0.9516 -0.0818
vn -0.3292 0.9338 -0.1405
vn -0.3292 0.9337 -0.1406
vn -0.3494 0.9144 -0.2043
vn -0.3494 0.9144 -0.2044
vn -0.3563 0.8943 -0.2707
vn -0.3494 0.8742 -0.3370
vn -0.3494 0.8743 -0.3370
vn -0.3292 0.8550 -0.4008
vn -0.2962 0.8372 -0.4597
vn -0.2963 0.8373 -0.4596
vn -0.2519 0.8217 -0.5112
vn -0.2520 0.8217 -0.5111
vn -0.1979 0.8090 -0.5535
vn -0.1980 0.8090 -0.5535
vn -0.1363 0.7995 -0.5850
vn -0.0000 0.9571 -0.2897
vn -0.1364 0.7995 -0.5850
vn -0.0695 0.7937 -0.6044
vn -0.0000 -0.9571 0.2897
vn -0.3836 -0.2675 -0.8839
vn -0.1956 -0.2841 -0.9386
vn -0.5567 -0.2406 -0.7951
vn -0.7081 -0.2045 -0.6758
vn -0.8322 -0.1606 -0.5307
vn -0.9243 -0.1106 -0.3654
vn -0.9809 -0.0564 -0.1862
vn -0.9809 0.0564 0.1862
vn -0.9243 0.1106 0.3654
vn -0.8322 0.1606 0.5307
vn -0.7081 0.2045 0.6758
vn -0.5567 0.2406 0.7951
vn -0.3836 0.2675 0.8839
vn -0.1956 0.2841 0.9386
vn -0.0000 0.2897 0.9571
vn 0.1956 0.2841 0.9386
vn 0.3836 0.2675 0.8839
vn 0.5567 0.2406 0.7951
vn 0.7081 0.2045 0.6758
vn 0.8322 0.1606 0.5307
vn 0.9243 0.1106 0.3654
vn 0.9809 0.0564 0.1862
vn 0.9809 -0.0564 -0.1862
vn 0.9243 -0.1106 -0.3654
vn 0.8322 -0.1606 -0.5307
vn 0.7081 -0.2045 -0.6758
vn 0.5567 -0.2406 -0.7951
vn 0.3836 -0.2675 -0.8839
vn 0.1956 -0.2841 -0.9386
vn -0.0000 -0.2897 -0.9571
vn -0.0000 -0.9976 -0.0694
vn 0.0695 -0.9956 -0.0628
vn 0.0696 -0.9956 -0.0628
vn 0.1363 -0.9897 -0.0435
vn 0.1364 -0.9897 -0.0434
vn 0.1979 -0.9801 -0.0121
vn 0.1980 -0.9801 -0.0120
vn 0.2519 -0.9673 0.0302
vn 0.2520 -0.9672 0.0303
vn 0.2962 -0.9516 0.0817
vn 0.2963 -0.9516 0.0818
vn 0.3292 -0.9338 0.1405
vn 0.3292 -0.9337 0.1406
vn 0.3494 -0.9144 0.2043
vn 0.3494 -0.9144 0.2044
vn 0.3563 -0.8943 0.2707
vn 0.3494 -0.8742 0.3370
vn 0.3494 -0.8743 0.3370
vn 0.3292 -0.8550 0.4008
vn 0.2962 -0.8372 0.4597
vn 0.2963 -0.8373 0.4596
vn 0.2519 -0.8217 0.5112
vn 0.2520 -0.8217 0.5111
vn 0.1979 -0.8090 0.5535
vn 0.1980 -0.8090 0.5535
vn 0.1363 -0.7995 0.5850
vn 0.1364 -0.7995 0.5850
vn 0.0695 -0.7937 0.6044
vn -0.0000 -0.7917 0.6109
vn -0.0696 -0.7937 0.6044
vn -0.0695 -0.7937 0.6044
vn -0.1364 -0.7995 0.5850
vn -0.1363 -0.7995 0.5850
vn -0.1980 -0.8090 0.5535
vn -0.1979 -0.8090 0.5535
vn -0.2520 -0.8217 0.5111
vn -0.2519 -0.8217 0.5112
vn -0.2963 -0.8373 0.4596
vn -0.2962 -0.8372 0.4597
vn -0.3292 -0.8550 0.4008
vn -0.3494 -0.8743 0.3370
vn -0.3494 -0.8742 0.3370
vn -0.3563 -0.8943 0.2707
vn -0.3494 -0.9144 0.2044
vn -0.3494 -0.9144 0.2043
vn -0.3292 -0.9337 0.1406
vn -0.3292 -0.9338 0.1405
vn -0.2963 -0.9516 0.0818
vn -0.2962 -0.9516 0.0817
vn -0.2520 -0.9672 0.0303
vn -0.2519 -0.9673 0.0302
vn -0.1980 -0.9801 -0.0120
vn -0.1979 -0.9801 -0.0121
vn -0.1364 -0.9897 -0.0434
vn -0.1363 -0.9897 -0.0435
vn -0.0696 -0.9956 -0.0628
vn -0.0695 -0.9956 -0.0628
vn -0.3492 -0.8995 0.2625
vn -0.6063 -0.0051 0.7952
vn -0.7774 0.2325 0.5844
vn 0.7774 0.2325 0.5844
vn 0.5846 -0.0026 0.8113
vn 0.0546 0.9977 0.0411
vn 0.4214 -0.4970 -0.7585
vn 0.4192 -0.4933 -0.7622
vn 0.3704 -0.5024 -0.7813
vn 0.4138 -0.4898 -0.7674
vn 0.3637 -0.4990 -0.7866
vn 0.3558 -0.4956 -0.7923
vn 0.4050 -0.4846 -0.7754
vn 0.4002 -0.4785 -0.7816
vn 0.3443 -0.4927 -0.7992
vn 0.3435 -0.4870 -0.8030
vn 0.3951 -0.4765 -0.7854
vn 0.3875 -0.4765 -0.7892
vn 0.3850 -0.4731 -0.7924
vn 0.3416 -0.4802 -0.8079
vn 0.3840 -0.4700 -0.7948
vn 0.3469 -0.4761 -0.8081
vn 0.3832 -0.4675 -0.7966
vn 0.3546 -0.4723 -0.8070
vn 0.3815 -0.4660 -0.7983
vn 0.3630 -0.4691 -0.8051
vn 0.3708 -0.4668 -0.8029
vn 0.3468 -0.4943 -0.7971
vn 0.3749 -0.5059 -0.7768
vn 0.3783 -0.5123 -0.7710
vn 0.3790 -0.5147 -0.7690
vn 0.4072 -0.5094 -0.7581
vn 0.3807 -0.5162 -0.7672
vn 0.3989 -0.5128 -0.7602
vn 0.3912 -0.5152 -0.7625
vn -0.3713 0.7579 0.5364
vn -0.3399 0.1589 0.9269
vn -0.0098 -0.3404 0.9402
vn -0.4268 0.9043 -0.0136
vn 0.0236 -0.3092 0.9507
vn 0.3736 -0.7884 0.4887
vn -0.9292 -0.3690 0.0194
vn 0.7809 0.6242 -0.0263
vn 0.1282 -0.2513 0.9594
vn 0.5204 -0.7392 0.4275
vn -0.7520 -0.5738 0.3246
vn 0.6629 0.7103 -0.2367
vn 0.2427 -0.1824 0.9528
vn 0.6567 -0.6869 0.3113
vn -0.4520 -0.7170 0.5306
vn 0.5070 0.7584 -0.4097
vn 0.3664 -0.0999 0.9251
vn 0.7674 -0.6254 0.1411
vn -0.3077 -0.7280 0.6126
vn 0.3443 0.7757 -0.5289
vn 0.4932 0.0045 0.8699
vn 0.8311 -0.5518 -0.0689
vn -0.1800 -0.7321 0.6569
vn 0.1825 0.7851 -0.5919
vn 0.6094 0.1408 0.7803
vn 0.8366 -0.4694 -0.2824
vn -0.0571 -0.7417 0.6683
vn 0.0255 0.7956 -0.6052
vn 0.6890 0.3128 0.6538
vn 0.8016 -0.3839 -0.4583
vn 0.0603 -0.7603 0.6468
vn -0.1247 0.8066 -0.5778
vn 0.6999 0.5070 0.5031
vn 0.7618 -0.2902 -0.5792
vn 0.1702 -0.7845 0.5963
vn -0.4115 0.4999 0.7621
vn -0.2670 0.8097 -0.5225
vn 0.6280 0.6916 0.3569
vn 0.7388 -0.1684 -0.6526
vn 0.2741 -0.8037 0.5282
vn -0.3985 0.4663 0.7898
vn -0.4013 0.7930 -0.4584
vn 0.4918 0.8363 0.2424
vn 0.7200 0.0092 -0.6939
vn 0.3769 -0.8042 0.4596
vn -0.4005 0.4184 0.8152
vn -0.5294 0.7455 -0.4050
vn 0.3264 0.9305 0.1663
vn 0.6656 0.2410 -0.7063
vn 0.4822 -0.7761 0.4064
vn -0.4070 0.3497 0.8438
vn -0.6528 0.6583 -0.3748
vn 0.1346 0.9773 0.1636
vn 0.5439 0.4773 -0.6902
vn 0.5883 -0.7156 0.3766
vn -0.4044 0.2639 0.8757
vn -0.7678 0.5230 -0.3701
vn -0.0151 0.9917 0.1277
vn 0.3680 0.6550 -0.6599
vn 0.6892 -0.6227 0.3704
vn -0.3836 0.1749 0.9068
vn -0.8622 0.3329 -0.3819
vn -0.1493 0.9845 0.0922
vn 0.1774 0.7508 -0.6362
vn 0.8381 -0.4363 0.3275
vn -0.3441 0.1005 0.9335
vn -0.8902 0.0870 -0.4473
vn -0.2682 0.9619 0.0532
vn -0.0005 0.7759 -0.6309
vn 0.9157 -0.2294 0.3301
vn -0.2916 0.0548 0.9550
vn -0.9118 -0.1640 -0.3765
vn -0.3731 0.9277 0.0132
vn -0.1541 0.7481 -0.6454
vn 0.9520 0.0744 0.2969
vn -0.9122 -0.3832 -0.1451
vn -0.4728 0.8812 -0.0032
vn -0.2842 0.6754 -0.6805
vn 0.8569 0.4894 0.1619
vn -0.8171 -0.5654 0.1125
vn -0.5720 0.8202 -0.0051
vn -0.3816 0.5614 -0.7344
vn 0.6118 0.7910 -0.0077
vn -0.6388 -0.7473 0.1830
vn -0.6716 0.7409 -0.0070
vn -0.4412 0.4047 -0.8010
vn 0.3001 0.9297 -0.2135
vn -0.4325 -0.8659 0.2514
vn -0.7693 0.6389 -0.0082
vn -0.4531 0.2031 -0.8680
vn 0.1406 0.9528 -0.2692
vn -0.2392 -0.9196 0.3118
vn -0.8613 0.5081 -0.0014
vn -0.4055 -0.0310 -0.9136
vn 0.0160 0.9469 -0.3210
vn -0.0787 -0.9219 0.3793
vn -0.9444 0.3282 -0.0213
vn -0.3063 -0.2601 -0.9157
vn -0.0815 0.9200 -0.3835
vn 0.0459 -0.8875 0.4585
vn -0.9899 0.1304 0.0553
vn -0.1961 -0.4447 -0.8740
vn -0.1506 0.8752 -0.4597
vn 0.1397 -0.8256 0.5467
vn -0.9813 -0.0677 0.1801
vn -0.1214 -0.5829 -0.8035
vn -0.1944 0.8151 -0.5458
vn -0.3503 0.4820 0.8031
vn 0.2140 -0.7428 0.6344
vn -0.9143 -0.2275 0.3351
vn -0.1043 -0.6999 -0.7066
vn -0.2253 0.7420 -0.6314
vn -0.3636 0.5159 0.7757
vn 0.2857 -0.6466 0.7073
vn -0.8078 -0.3275 0.4901
vn -0.1345 -0.8202 -0.5561
vn -0.2630 0.6601 -0.7036
vn -0.3594 0.5612 0.7456
vn 0.3727 -0.5446 0.7513
vn -0.6860 -0.3744 0.6238
vn -0.1754 -0.9265 -0.3330
vn -0.3242 0.5748 -0.7513
vn -0.3460 0.6215 0.7028
vn 0.4871 -0.4406 0.7541
vn -0.5627 -0.3871 0.7304
vn -0.1807 -0.9811 -0.0687
vn -0.4142 0.4904 -0.7668
vn -0.3346 0.6899 0.6420
vn 0.6287 -0.3324 0.7031
vn -0.4412 -0.3827 0.8117
vn -0.1299 -0.9769 0.1695
vn -0.5275 0.4080 -0.7451
vn -0.3347 0.7519 0.5680
vn 0.7803 -0.2138 0.5877
vn -0.3206 -0.3718 0.8712
vn -0.0340 -0.9388 0.3427
vn -0.6940 0.2324 -0.6815
vn -0.3511 0.7951 0.4945
vn 0.9177 -0.1295 0.3756
vn -0.2003 -0.3603 0.9111
vn 0.0892 -0.8895 0.4481
vn -0.8319 0.1028 -0.5453
vn -0.3842 0.8139 0.4358
vn 0.9772 0.0573 0.2044
vn -0.0827 -0.3470 0.9342
vn 0.2260 -0.8390 0.4950
vn -0.9431 -0.0890 -0.3205
vn 0.9317 0.3505 0.0952
vn -0.4138 -0.4898 -0.7674
vn -0.4192 -0.4933 -0.7622
vn -0.3637 -0.4990 -0.7866
vn -0.4214 -0.4970 -0.7585
vn -0.3704 -0.5024 -0.7813
vn -0.3750 -0.5059 -0.7768
vn -0.4197 -0.5012 -0.7567
vn -0.4146 -0.5054 -0.7567
vn -0.3774 -0.5093 -0.7735
vn -0.4072 -0.5094 -0.7581
vn -0.3783 -0.5123 -0.7710
vn -0.3989 -0.5128 -0.7602
vn -0.3790 -0.5147 -0.7690
vn -0.3807 -0.5162 -0.7672
vn -0.3912 -0.5152 -0.7626
vn -0.3558 -0.4956 -0.7923
vn -0.3468 -0.4943 -0.7971
vn -0.3435 -0.4870 -0.8030
vn -0.3951 -0.4765 -0.7854
vn -0.3875 -0.4765 -0.7892
vn -0.3416 -0.4802 -0.8079
vn -0.3469 -0.4761 -0.8081
vn -0.3850 -0.4731 -0.7924
vn -0.3546 -0.4723 -0.8070
vn -0.3840 -0.4700 -0.7948
vn -0.3630 -0.4691 -0.8051
vn -0.3832 -0.4675 -0.7966
vn -0.3708 -0.4668 -0.8029
vn -0.3815 -0.4660 -0.7983
vn 0.3713 0.7579 0.5364
vn 0.3399 0.1589 0.9269
vn 0.0098 -0.3404 0.9402
vn 0.4268 0.9043 -0.0136
vn 0.0827 -0.3470 0.9342
vn -0.2250 -0.8345 0.5029
vn -0.9271 0.3531 0.1259
vn 0.4319 0.8078 0.4012
vn 0.9872 -0.0819 -0.1368
vn 0.2003 -0.3603 0.9111
vn -0.0885 -0.8892 0.4489
vn -0.8957 0.0641 0.4400
vn 0.9399 0.1086 -0.3236
vn 0.3206 -0.3718 0.8712
vn 0.0278 -0.9416 0.3357
vn -0.7687 -0.1206 0.6282
vn 0.8236 0.2434 -0.5122
vn 0.4412 -0.3827 0.8117
vn 0.1153 -0.9813 0.1542
vn -0.5895 -0.3449 0.7305
vn 0.6626 0.3274 -0.6736
vn 0.5627 -0.3871 0.7304
vn 0.1572 -0.9835 -0.0896
vn -0.4686 -0.4229 0.7756
vn 0.5148 0.4392 -0.7363
vn 0.6860 -0.3744 0.6238
vn 0.1464 -0.9247 -0.3514
vn -0.3669 -0.4997 0.7847
vn 0.3911 0.5450 -0.7416
vn 0.8078 -0.3275 0.4901
vn 0.1081 -0.8174 -0.5658
vn -0.2922 -0.5798 0.7606
vn 0.2958 0.6473 -0.7025
vn 0.9143 -0.2275 0.3351
vn 0.0882 -0.6995 -0.7091
vn -0.2445 -0.6624 0.7081
vn 0.2207 0.7435 -0.6313
vn 0.9813 -0.0677 0.1801
vn 0.1196 -0.5823 -0.8041
vn -0.2122 -0.7434 0.6343
vn 0.1495 0.8269 -0.5422
vn 0.9899 0.1304 0.0553
vn 0.2080 -0.4458 -0.8706
vn -0.1756 -0.8168 0.5496
vn 0.3272 0.4472 0.8325
vn 0.0638 0.8904 -0.4507
vn 0.9444 0.3282 -0.0213
vn 0.3297 -0.2571 -0.9084
vn -0.1181 -0.8769 0.4660
vn 0.2849 0.4049 0.8688
vn -0.0507 0.9283 -0.3683
vn 0.8613 0.5081 -0.0014
vn 0.4340 -0.0215 -0.9007
vn -0.0330 -0.9193 0.3921
vn 0.2350 0.3472 0.9079
vn -0.2018 0.9327 -0.2988
vn 0.7693 0.6389 -0.0082
vn 0.4799 0.2163 -0.8503
vn 0.0786 -0.9403 0.3312
vn 0.1897 0.2759 0.9423
vn -0.3879 0.8905 -0.2376
vn 0.6716 0.7409 -0.0070
vn 0.4629 0.4175 -0.7820
vn 0.2157 -0.9354 0.2801
vn 0.1602 0.1999 0.9666
vn -0.5910 0.7888 -0.1690
vn 0.5720 0.8202 -0.0051
vn 0.3974 0.5714 -0.7181
vn 0.3898 -0.8933 0.2238
vn 0.1557 0.1295 0.9793
vn -0.7731 0.6245 -0.1115
vn 0.4728 0.8812 -0.0032
vn 0.2946 0.6820 -0.6694
vn 0.7055 -0.7079 0.0330
vn 0.1822 0.0744 0.9805
vn -0.8759 0.4597 0.1467
vn 0.3731 0.9277 0.0132
vn 0.1600 0.7523 -0.6391
vn 0.9247 -0.3571 -0.1320
vn 0.2329 0.0450 0.9715
vn -0.8933 0.2360 0.3826
vn 0.2682 0.9619 0.0532
vn 0.0006 0.7765 -0.6301
vn 0.9650 0.0463 -0.2581
vn -0.8885 -0.0282 0.4580
vn 0.1493 0.9845 0.0922
vn -0.1780 0.7447 -0.6432
vn 0.9027 0.3183 -0.2895
vn -0.8479 -0.2790 0.4507
vn 0.0151 0.9917 0.1277
vn -0.3679 0.6406 -0.6740
vn 0.7487 0.5608 -0.3535
vn -0.7797 -0.4891 0.3910
vn -0.1346 0.9773 0.1636
vn -0.5396 0.4553 -0.7082
vn 0.6569 0.6700 -0.3458
vn -0.6643 -0.6365 0.3919
vn -0.3264 0.9305 0.1664
vn -0.6551 0.2180 -0.7235
vn 0.5599 0.7478 -0.3568
vn -0.5375 -0.7330 0.4168
vn -0.4918 0.8363 0.2424
vn -0.7068 -0.0069 -0.7074
vn 0.4618 0.7954 -0.3926
vn -0.4058 -0.7867 0.4652
vn -0.6280 0.6916 0.3569
vn -0.7295 -0.1752 -0.6611
vn 0.3647 0.8144 -0.4514
vn -0.2699 -0.8057 0.5272
vn -0.6999 0.5070 0.5031
vn -0.7606 -0.2907 -0.5804
vn 0.2653 0.8105 -0.5222
vn -0.1290 -0.8009 0.5848
vn -0.6890 0.3128 0.6538
vn -0.8079 -0.3773 -0.4527
vn 0.1575 0.7938 -0.5874
vn 0.4321 0.5315 0.7286
vn 0.0177 -0.7857 0.6184
vn -0.6094 0.1408 0.7803
vn -0.8474 -0.4585 -0.2678
vn 0.0386 0.7754 -0.6303
vn 0.4672 0.5648 0.6803
vn 0.1704 -0.7712 0.6133
vn -0.4932 0.0045 0.8699
vn -0.8411 -0.5389 -0.0457
vn -0.0885 0.7620 -0.6414
vn 0.5030 0.6048 0.6174
vn 0.3287 -0.7603 0.5602
vn -0.3664 -0.0999 0.9251
vn -0.7731 -0.6116 0.1682
vn -0.2187 0.7549 -0.6183
vn 0.5280 0.6498 0.5469
vn 0.4900 -0.7448 0.4530
vn -0.2427 -0.1824 0.9528
vn -0.6580 -0.6734 0.3370
vn -0.3513 0.7503 -0.5601
vn 0.5348 0.6956 0.4797
vn 0.6480 -0.7023 0.2949
vn -0.1282 -0.2513 0.9594
vn -0.5194 -0.7278 0.4478
vn -0.5004 0.7351 -0.4574
vn 0.5202 0.7395 0.4272
vn 0.7658 -0.6360 0.0946
vn -0.0236 -0.3092 0.9507
vn -0.3724 -0.7805 0.5022
vn -0.7825 0.5857 -0.2113
vn 0.4830 0.7792 0.3994
vn 0.9274 -0.3736 -0.0168
vn -0.3893 0.4946 0.7770
vn -0.3847 0.4973 0.7777
vn -0.3534 0.5010 0.7900
vn -0.3786 0.5018 0.7777
vn -0.3426 0.5091 0.7896
vn -0.3628 0.5068 0.7820
vn -0.3490 0.5139 0.7837
vn -0.3298 0.5179 0.7893
vn -0.3361 0.5199 0.7853
vn -0.3211 0.5229 0.7896
vn -0.3255 0.5246 0.7867
vn -0.3152 0.5266 0.7895
vn -0.3121 0.5288 0.7893
vn -0.3178 0.5277 0.7877
vn -0.3711 0.4905 0.7885
vn -0.3732 0.4879 0.7891
vn -0.4086 0.4812 0.7756
vn -0.3778 0.4853 0.7885
vn -0.3843 0.4793 0.7890
vn -0.4197 0.4739 0.7741
vn -0.3955 0.4725 0.7876
vn -0.4285 0.4678 0.7730
vn -0.4081 0.4658 0.7851
vn -0.4355 0.4620 0.7726
vn -0.4199 0.4602 0.7822
vn -0.4403 0.4574 0.7726
vn -0.4296 0.4560 0.7794
vn -0.4426 0.4542 0.7732
vn -0.4421 0.4526 0.7744
vn 0.3893 0.4946 0.7770
vn 0.3914 0.4920 0.7777
vn 0.3534 0.5010 0.7900
vn 0.3991 0.4872 0.7767
vn 0.3632 0.4952 0.7892
vn 0.4086 0.4812 0.7756
vn 0.3711 0.4905 0.7885
vn 0.4197 0.4739 0.7741
vn 0.3778 0.4853 0.7885
vn 0.3732 0.4879 0.7891
vn 0.4285 0.4678 0.7730
vn 0.3843 0.4793 0.7890
vn 0.4355 0.4620 0.7726
vn 0.3955 0.4725 0.7876
vn 0.4081 0.4658 0.7851
vn 0.4403 0.4574 0.7726
vn 0.4426 0.4542 0.7732
vn 0.4199 0.4602 0.7822
vn 0.4421 0.4526 0.7744
vn 0.4296 0.4560 0.7794
vn 0.3298 0.5179 0.7893
vn 0.3628 0.5068 0.7820
vn 0.3212 0.5229 0.7896
vn 0.3490 0.5139 0.7837
vn 0.3152 0.5266 0.7895
vn 0.3361 0.5199 0.7853
vn 0.3121 0.5288 0.7893
vn 0.3255 0.5246 0.7867
vn 0.3178 0.5277 0.7877
vt 0.069351 0.869459
vt 0.071521 0.873912
vt 0.068980 0.874007
vt 0.035035 0.849769
vt 0.022470 0.842603
vt 0.036187 0.847193
vt 0.157507 0.843293
vt 0.144898 0.850314
vt 0.143775 0.847732
vt 0.099433 0.865918
vt 0.102767 0.861687
vt 0.103331 0.865722
vt 0.046177 0.856064
vt 0.047779 0.852778
vt 0.106968 0.860861
vt 0.107787 0.865147
vt 0.053976 0.859976
vt 0.055536 0.856225
vt 0.111810 0.859753
vt 0.112841 0.864127
vt 0.060193 0.862543
vt 0.061656 0.858601
vt 0.118654 0.862538
vt 0.117375 0.858260
vt 0.066673 0.860336
vt 0.065559 0.864273
vt 0.123896 0.856144
vt 0.125319 0.860130
vt 0.070017 0.865379
vt 0.070915 0.861666
vt 0.132048 0.852929
vt 0.133565 0.856364
vt 0.079194 0.846345
vt 0.077746 0.852523
vt 0.075690 0.850981
vt 0.122664 0.852227
vt 0.130766 0.849477
vt 0.096778 0.879288
vt 0.090865 0.883559
vt 0.094200 0.877907
vt 0.142835 0.845060
vt 0.085253 0.849088
vt 0.080910 0.849742
vt 0.023876 0.839742
vt 0.037400 0.844661
vt 0.156941 0.841603
vt 0.099083 0.862305
vt 0.101846 0.857798
vt 0.049157 0.849465
vt 0.106018 0.856728
vt 0.056945 0.852518
vt 0.110750 0.855531
vt 0.063101 0.854758
vt 0.116108 0.854106
vt 0.068020 0.856532
vt 0.072097 0.858130
vt 0.104893 0.852595
vt 0.109644 0.851348
vt 0.064506 0.850911
vt 0.115054 0.849991
vt 0.069522 0.852730
vt 0.121524 0.848359
vt 0.073660 0.854622
vt 0.129683 0.846009
vt 0.097590 0.869395
vt 0.098002 0.865926
vt 0.142066 0.842309
vt 0.071461 0.869542
vt 0.024730 0.837994
vt 0.038453 0.842074
vt 0.156485 0.839760
vt 0.098164 0.858827
vt 0.100590 0.853877
vt 0.050351 0.846131
vt 0.058316 0.848833
vt 0.128780 0.842518
vt 0.141457 0.839488
vt 0.073791 0.858998
vt 0.072580 0.862269
vt 0.025431 0.836160
vt 0.039353 0.839433
vt 0.156149 0.837792
vt 0.096723 0.855315
vt 0.099047 0.849718
vt 0.051476 0.842787
vt 0.103667 0.848325
vt 0.059495 0.845082
vt 0.108579 0.847114
vt 0.065823 0.846938
vt 0.114081 0.845874
vt 0.071225 0.848792
vt 0.120559 0.844485
vt 0.095108 0.856361
vt 0.067028 0.842812
vt 0.113232 0.841720
vt 0.072886 0.844504
vt 0.119762 0.840587
vt 0.128046 0.839002
vt 0.097695 0.862676
vt 0.141001 0.836605
vt 0.068857 0.893440
vt 0.072166 0.884753
vt 0.073055 0.889519
vt 0.026020 0.834301
vt 0.040096 0.836747
vt 0.155938 0.835721
vt 0.094707 0.851591
vt 0.097367 0.844970
vt 0.052417 0.839392
vt 0.102481 0.843807
vt 0.060496 0.841258
vt 0.107623 0.842774
vt 0.091528 0.846921
vt 0.085622 0.840670
vt 0.091082 0.840611
vt 0.026528 0.832436
vt 0.040675 0.834030
vt 0.155272 0.832147
vt 0.140407 0.833750
vt 0.096416 0.839951
vt 0.053054 0.835931
vt 0.101596 0.839150
vt 0.061315 0.837355
vt 0.106853 0.838350
vt 0.067994 0.838507
vt 0.112543 0.837520
vt 0.073947 0.839606
vt 0.119138 0.836658
vt 0.079837 0.840486
vt 0.127503 0.835458
vt 0.085494 0.846087
vt 0.112033 0.833275
vt 0.068632 0.834126
vt 0.074577 0.834787
vt 0.118691 0.832697
vt 0.080211 0.835256
vt 0.127135 0.831901
vt 0.085616 0.835370
vt 0.139972 0.830898
vt 0.090801 0.835243
vt 0.026916 0.830537
vt 0.041091 0.831292
vt 0.154735 0.830101
vt 0.095895 0.834907
vt 0.053491 0.832440
vt 0.100998 0.834422
vt 0.061904 0.833383
vt 0.106288 0.833865
vt 0.027153 0.828616
vt 0.041345 0.828535
vt 0.154327 0.828076
vt 0.139697 0.828057
vt 0.095579 0.829975
vt 0.053822 0.828932
vt 0.100622 0.829690
vt 0.062232 0.829374
vt 0.105917 0.829345
vt 0.068998 0.829736
vt 0.111705 0.828991
vt 0.074911 0.830064
vt 0.118423 0.828701
vt 0.080392 0.830277
vt 0.126955 0.828327
vt 0.085589 0.830297
vt 0.090612 0.830175
vt 0.069131 0.825354
vt 0.075029 0.825406
vt 0.111555 0.824665
vt 0.118336 0.824666
vt 0.080433 0.825426
vt 0.126953 0.824733
vt 0.085532 0.825360
vt 0.139859 0.825205
vt 0.090473 0.825237
vt 0.027280 0.826713
vt 0.041432 0.825769
vt 0.154330 0.827458
vt 0.095385 0.825113
vt 0.053943 0.825398
vt 0.100408 0.824964
vt 0.062337 0.825352
vt 0.105719 0.824797
vt 0.095275 0.820268
vt 0.053737 0.821852
vt 0.100321 0.820221
vt 0.062260 0.821311
vt 0.105676 0.820209
vt 0.069056 0.820969
vt 0.111580 0.820290
vt 0.074970 0.820771
vt 0.118429 0.820583
vt 0.080357 0.820627
vt 0.127159 0.821107
vt 0.085434 0.820479
vt 0.140184 0.822331
vt 0.090361 0.820343
vt 0.027330 0.824840
vt 0.041344 0.823014
vt 0.154684 0.825429
vt 0.111782 0.815852
vt 0.118756 0.816451
vt 0.080174 0.815820
vt 0.127481 0.817448
vt 0.085288 0.815588
vt 0.140397 0.819433
vt 0.090260 0.815430
vt 0.027212 0.822987
vt 0.041080 0.820269
vt 0.155074 0.821968
vt 0.095229 0.815388
vt 0.053420 0.818291
vt 0.100343 0.815429
vt 0.061926 0.817239
vt 0.105779 0.815561
vt 0.068778 0.816554
vt 0.074751 0.816119
vt 0.100467 0.810548
vt 0.061367 0.813138
vt 0.106027 0.810823
vt 0.068291 0.812095
vt 0.112161 0.811337
vt 0.074378 0.811415
vt 0.119247 0.812263
vt 0.079880 0.810953
vt 0.128123 0.813763
vt 0.085089 0.810629
vt 0.141055 0.816606
vt 0.090160 0.810441
vt 0.026978 0.821198
vt 0.040631 0.817549
vt 0.155146 0.821376
vt 0.095237 0.810425
vt 0.052871 0.814719
vt 0.129006 0.810047
vt 0.079462 0.805972
vt 0.084825 0.805548
vt 0.141902 0.813794
vt 0.090054 0.805320
vt 0.026660 0.819486
vt 0.039989 0.814873
vt 0.155823 0.819521
vt 0.095295 0.805326
vt 0.051966 0.811162
vt 0.100694 0.805532
vt 0.060606 0.808998
vt 0.106425 0.805958
vt 0.067647 0.807564
vt 0.112734 0.806711
vt 0.073791 0.806607
vt 0.119961 0.807991
vt 0.059533 0.804790
vt 0.101032 0.800332
vt 0.106991 0.800925
vt 0.066704 0.802922
vt 0.113525 0.801944
vt 0.073056 0.801668
vt 0.120961 0.803620
vt 0.078915 0.800833
vt 0.130034 0.806284
vt 0.084489 0.800287
vt 0.142945 0.811012
vt 0.089937 0.800009
vt 0.026176 0.817859
vt 0.039147 0.812248
vt 0.156616 0.817725
vt 0.095403 0.800035
vt 0.050900 0.807589
vt 0.078209 0.795472
vt 0.084063 0.794779
vt 0.131373 0.802488
vt 0.143964 0.808186
vt 0.089802 0.794439
vt 0.025586 0.816357
vt 0.038091 0.809693
vt 0.157871 0.814798
vt 0.095566 0.794487
vt 0.049532 0.804024
vt 0.101495 0.794889
vt 0.058162 0.800517
vt 0.107748 0.795678
vt 0.065497 0.798152
vt 0.114563 0.797012
vt 0.072090 0.796544
vt 0.122242 0.799148
vt 0.102108 0.789133
vt 0.108733 0.790162
vt 0.063973 0.793220
vt 0.115890 0.791882
vt 0.070857 0.791184
vt 0.123818 0.794577
vt 0.077310 0.789822
vt 0.133124 0.798699
vt 0.083526 0.788948
vt 0.145425 0.805557
vt 0.089644 0.788530
vt 0.024894 0.815010
vt 0.036807 0.807232
vt 0.158109 0.814324
vt 0.095795 0.788602
vt 0.047833 0.800478
vt 0.056440 0.796172
vt 0.147131 0.803024
vt 0.082850 0.782700
vt 0.089456 0.782181
vt 0.024144 0.813838
vt 0.035284 0.804899
vt 0.159198 0.812993
vt 0.096104 0.782285
vt 0.045666 0.797009
vt 0.102909 0.782977
vt 0.054350 0.791767
vt 0.110001 0.784307
vt 0.062065 0.788098
vt 0.117574 0.786501
vt 0.069296 0.785529
vt 0.125801 0.789865
vt 0.076170 0.783802
vt 0.135231 0.794910
vt 0.059669 0.782736
vt 0.119704 0.780826
vt 0.067320 0.779504
vt 0.128266 0.785010
vt 0.074722 0.777313
vt 0.137759 0.791147
vt 0.081994 0.775914
vt 0.149094 0.800620
vt 0.089229 0.775265
vt 0.023765 0.813571
vt 0.033381 0.802828
vt 0.160380 0.811835
vt 0.096517 0.775411
vt 0.043191 0.793592
vt 0.103950 0.776314
vt 0.051712 0.787264
vt 0.111627 0.778031
vt 0.080902 0.768437
vt 0.088950 0.767616
vt 0.022605 0.812874
vt 0.031225 0.800927
vt 0.161620 0.810881
vt 0.151325 0.798383
vt 0.097068 0.767819
vt 0.040217 0.790296
vt 0.105307 0.769006
vt 0.048481 0.782698
vt 0.113720 0.771235
vt 0.056670 0.777115
vt 0.122398 0.774809
vt 0.064812 0.773029
vt 0.131316 0.780019
vt 0.072872 0.770229
vt 0.140773 0.787452
vt 0.125822 0.768404
vt 0.052907 0.771219
vt 0.061604 0.766006
vt 0.135089 0.774915
vt 0.070485 0.762389
vt 0.144352 0.783891
vt 0.079493 0.760063
vt 0.153831 0.796364
vt 0.088605 0.759008
vt 0.021460 0.812383
vt 0.028815 0.799249
vt 0.162875 0.810159
vt 0.097811 0.759293
vt 0.036617 0.787228
vt 0.107093 0.760873
vt 0.044588 0.778154
vt 0.116433 0.763798
vt 0.164091 0.809691
vt 0.156614 0.794626
vt 0.098823 0.749537
vt 0.026202 0.797754
vt 0.032465 0.784427
vt 0.109478 0.751672
vt 0.039711 0.773630
vt 0.119993 0.755569
vt 0.048125 0.765019
vt 0.130206 0.761575
vt 0.057449 0.758314
vt 0.139759 0.769757
vt 0.067360 0.753574
vt 0.148577 0.780562
vt 0.077647 0.750508
vt 0.088173 0.749133
vt 0.019883 0.811829
vt 0.135881 0.754305
vt 0.145548 0.764664
vt 0.063192 0.743490
vt 0.153533 0.777606
vt 0.075186 0.739373
vt 0.159662 0.793242
vt 0.087621 0.737558
vt 0.019153 0.811759
vt 0.023349 0.796652
vt 0.165198 0.809484
vt 0.100227 0.738129
vt 0.027596 0.782099
vt 0.112724 0.741067
vt 0.033851 0.769378
vt 0.124739 0.746367
vt 0.042025 0.758573
vt 0.051993 0.749826
vt 0.022104 0.780431
vt 0.117262 0.728547
vt 0.026543 0.765568
vt 0.131180 0.735997
vt 0.034090 0.751939
vt 0.143334 0.746624
vt 0.044701 0.740408
vt 0.152719 0.759863
vt 0.057491 0.731690
vt 0.159293 0.775226
vt 0.071855 0.726074
vt 0.162947 0.792300
vt 0.086905 0.723695
vt 0.018606 0.811902
vt 0.020298 0.796021
vt 0.166114 0.809526
vt 0.102192 0.724448
vt 0.049322 0.717335
vt 0.165897 0.773698
vt 0.067337 0.709715
vt 0.166411 0.791894
vt 0.085968 0.706882
vt 0.018347 0.812158
vt 0.017127 0.795949
vt 0.166747 0.809771
vt 0.104906 0.707550
vt 0.015969 0.779736
vt 0.123922 0.713142
vt 0.017671 0.762711
vt 0.140058 0.724404
vt 0.023578 0.745308
vt 0.153353 0.738617
vt 0.034836 0.730115
vt 0.161523 0.755797
vt 0.105284 0.934423
vt 0.116281 0.916482
vt 0.121153 0.929525
vt 0.023140 0.894074
vt 0.024141 0.877052
vt 0.030640 0.889874
vt 0.136111 0.921698
vt 0.128908 0.910787
vt 0.039567 0.900523
vt 0.031918 0.907586
vt 0.140062 0.902349
vt 0.148007 0.909708
vt 0.043126 0.919043
vt 0.050283 0.908767
vt 0.157003 0.895531
vt 0.149244 0.891277
vt 0.062342 0.914694
vt 0.056935 0.927084
vt 0.155706 0.878112
vt 0.161388 0.879685
vt 0.071812 0.932905
vt 0.075254 0.918510
vt 0.159560 0.863428
vt 0.162551 0.863918
vt 0.088332 0.935834
vt 0.088917 0.920111
vt 0.017152 0.862873
vt 0.015969 0.847331
vt 0.020147 0.862348
vt 0.163553 0.848413
vt 0.102831 0.919536
vt 0.018543 0.878679
vt 0.150698 0.875776
vt 0.066186 0.903631
vt 0.077438 0.906180
vt 0.156716 0.862406
vt 0.089288 0.906991
vt 0.016540 0.847483
vt 0.022965 0.861365
vt 0.163352 0.848406
vt 0.101405 0.907000
vt 0.029031 0.874725
vt 0.112958 0.905250
vt 0.036434 0.885398
vt 0.123927 0.901349
vt 0.045347 0.893659
vt 0.134115 0.895256
vt 0.055318 0.899606
vt 0.143301 0.886711
vt 0.033220 0.871990
vt 0.041010 0.880827
vt 0.110900 0.895592
vt 0.120470 0.893053
vt 0.049639 0.887211
vt 0.129657 0.888616
vt 0.058679 0.891520
vt 0.138497 0.881982
vt 0.146522 0.872965
vt 0.078799 0.895589
vt 0.154122 0.861071
vt 0.089345 0.894778
vt 0.017349 0.847419
vt 0.025566 0.860009
vt 0.162230 0.848507
vt 0.100957 0.896120
vt 0.098337 0.874147
vt 0.096369 0.873302
vt 0.151812 0.859315
vt 0.071798 0.865706
vt 0.018350 0.847133
vt 0.027928 0.858363
vt 0.161928 0.848408
vt 0.101843 0.887533
vt 0.036703 0.868967
vt 0.109880 0.887501
vt 0.044729 0.876280
vt 0.118080 0.885796
vt 0.052835 0.881236
vt 0.126304 0.882503
vt 0.060719 0.884141
vt 0.134686 0.877312
vt 0.068409 0.885138
vt 0.142976 0.869847
vt 0.109321 0.880672
vt 0.116364 0.879432
vt 0.055231 0.875889
vt 0.123738 0.876902
vt 0.062180 0.878167
vt 0.131632 0.872777
vt 0.068656 0.879155
vt 0.139990 0.866565
vt 0.085647 0.889610
vt 0.149767 0.857297
vt 0.099209 0.869784
vt 0.019442 0.846580
vt 0.030055 0.856491
vt 0.161081 0.847874
vt 0.094358 0.885606
vt 0.102743 0.880615
vt 0.039637 0.865803
vt 0.047715 0.871920
vt 0.147974 0.855073
vt 0.092807 0.853000
vt 0.089628 0.849766
vt 0.020569 0.845774
vt 0.031955 0.854445
vt 0.160215 0.847041
vt 0.103313 0.874929
vt 0.042110 0.862571
vt 0.108893 0.874847
vt 0.050188 0.867766
vt 0.115028 0.873806
vt 0.057143 0.871073
vt 0.121712 0.871759
vt 0.063379 0.873019
vt 0.129145 0.868407
vt 0.137472 0.863196
vt 0.120052 0.866997
vt 0.058737 0.866672
vt 0.064484 0.868438
vt 0.127080 0.864197
vt 0.135343 0.859789
vt 0.078898 0.890525
vt 0.146416 0.852685
vt 0.020773 0.845353
vt 0.033507 0.852101
vt 0.159381 0.845928
vt 0.103518 0.870065
vt 0.044360 0.859352
vt 0.108433 0.869761
vt 0.052238 0.863818
vt 0.113867 0.868747
vt 0.022373 0.843142
vt 0.157750 0.843758
vt 0.071805 0.878985
vt 0.075486 0.855778
vt 0.342547 0.116721
vt 0.282054 0.064367
vt 0.339758 0.060270
vt 0.345392 0.174306
vt 0.287090 0.120897
vt 0.291823 0.178073
vt 0.231443 0.127478
vt 0.224101 0.071094
vt 0.238222 0.184326
vt 0.175347 0.136608
vt 0.165698 0.080457
vt 0.106698 0.092427
vt 0.184308 0.193078
vt 0.118599 0.148382
vt 0.129989 0.204370
vt 0.060830 0.162882
vt 0.047005 0.106839
vt 0.627442 0.134886
vt 0.562710 0.182989
vt 0.568525 0.126151
vt 0.635675 0.077752
vt 0.574852 0.069295
vt 0.507542 0.177107
vt 0.510893 0.120029
vt 0.514960 0.063200
vt 0.454170 0.116473
vt 0.455917 0.059640
vt 0.453028 0.173712
vt 0.399072 0.172773
vt 0.398145 0.115410
vt 0.397584 0.058659
vt 0.096726 0.859534
vt 0.835740 0.741903
vt 0.860284 0.746874
vt 0.835495 0.749092
vt 0.940108 0.666031
vt 0.936244 0.690275
vt 0.932119 0.665879
vt 0.952941 0.690197
vt 0.944662 0.690291
vt 0.948185 0.665835
vt 0.961221 0.690028
vt 0.915771 0.848438
vt 0.925853 0.873774
vt 0.917690 0.873937
vt 0.757802 0.826167
vt 0.748274 0.801068
vt 0.756261 0.800482
vt 0.604212 0.713690
vt 0.595205 0.688813
vt 0.603117 0.687807
vt 0.646729 0.783002
vt 0.641500 0.758256
vt 0.649292 0.757911
vt 0.673054 0.785525
vt 0.697391 0.783975
vt 0.697308 0.791717
vt 0.673499 0.778058
vt 0.697534 0.776325
vt 0.673706 0.770730
vt 0.697666 0.768562
vt 0.673803 0.763572
vt 0.697945 0.760693
vt 0.673895 0.756566
vt 0.698318 0.752693
vt 0.674057 0.749630
vt 0.698936 0.744346
vt 0.674532 0.735608
vt 0.674287 0.742716
vt 0.674733 0.728223
vt 0.699108 0.735732
vt 0.674792 0.720562
vt 0.699145 0.726981
vt 0.674669 0.712602
vt 0.698668 0.718269
vt 0.674357 0.704529
vt 0.698291 0.709828
vt 0.673829 0.696442
vt 0.697904 0.701590
vt 0.673054 0.688413
vt 0.697500 0.693544
vt 0.917201 0.953380
vt 0.923681 0.928542
vt 0.924997 0.952804
vt 0.749861 0.933366
vt 0.756176 0.908045
vt 0.757554 0.932443
vt 0.649898 0.783266
vt 0.660230 0.759145
vt 0.657507 0.783356
vt 0.835456 0.784775
vt 0.859830 0.794881
vt 0.835549 0.792365
vt 0.859183 0.779156
vt 0.859353 0.786972
vt 0.835308 0.777371
vt 0.859150 0.771304
vt 0.835192 0.770165
vt 0.859275 0.763362
vt 0.835270 0.756157
vt 0.835176 0.763130
vt 0.859645 0.755282
vt 0.924426 0.665417
vt 0.918798 0.689599
vt 0.917013 0.664719
vt 0.927561 0.690261
vt 0.795109 0.862140
vt 0.795109 0.854478
vt 0.827614 0.898257
vt 0.943715 0.714316
vt 0.936064 0.705583
vt 0.945310 0.704072
vt 0.877201 0.663028
vt 0.882992 0.661930
vt 0.883461 0.663023
vt 0.713441 0.770015
vt 0.721877 0.777172
vt 0.711293 0.778491
vt 0.722833 0.695258
vt 0.713413 0.701915
vt 0.711956 0.693205
vt 0.875540 0.753670
vt 0.883676 0.761508
vt 0.874510 0.762622
vt 0.595980 0.673949
vt 0.604094 0.663510
vt 0.603064 0.675028
vt 0.723896 0.731075
vt 0.713461 0.735809
vt 0.714256 0.728875
vt 0.874108 0.785355
vt 0.885885 0.789276
vt 0.874808 0.793518
vt 0.950882 0.714032
vt 0.944478 0.705232
vt 0.953093 0.704006
vt 0.713991 0.761314
vt 0.721876 0.768884
vt 0.711976 0.770101
vt 0.723542 0.689136
vt 0.712474 0.694514
vt 0.712105 0.686041
vt 0.884544 0.746563
vt 0.875371 0.753889
vt 0.875510 0.745654
vt 0.641746 0.744659
vt 0.645546 0.732041
vt 0.649351 0.743669
vt 0.722840 0.719331
vt 0.714421 0.726783
vt 0.713516 0.718499
vt 0.874825 0.778352
vt 0.885148 0.784152
vt 0.874106 0.787028
vt 0.886055 0.740839
vt 0.874659 0.744548
vt 0.876195 0.737420
vt 0.958041 0.714929
vt 0.952467 0.704837
vt 0.961021 0.704101
vt 0.714270 0.752885
vt 0.721832 0.760921
vt 0.712447 0.761672
vt 0.919111 0.903007
vt 0.923887 0.914550
vt 0.916219 0.914276
vt 0.923702 0.715687
vt 0.919587 0.704159
vt 0.927040 0.705270
vt 0.711969 0.785098
vt 0.724048 0.790825
vt 0.711424 0.793735
vt 0.722563 0.710713
vt 0.714444 0.718792
vt 0.712779 0.709660
vt 0.875201 0.770697
vt 0.883945 0.777503
vt 0.873764 0.779386
vt 0.922036 0.898825
vt 0.917354 0.887814
vt 0.925343 0.887715
vt 0.723161 0.746297
vt 0.713288 0.753029
vt 0.714312 0.744948
vt 0.748893 0.893505
vt 0.757232 0.883142
vt 0.756163 0.894593
vt 0.935332 0.713948
vt 0.928234 0.705222
vt 0.936565 0.704271
vt 0.713156 0.778287
vt 0.723966 0.785828
vt 0.711118 0.787610
vt 0.722147 0.702991
vt 0.713970 0.710155
vt 0.712288 0.701472
vt 0.875317 0.762292
vt 0.883164 0.769391
vt 0.874007 0.770855
vt 0.751943 0.775472
vt 0.756357 0.787233
vt 0.748882 0.786793
vt 0.723199 0.735298
vt 0.714207 0.742628
vt 0.713440 0.735744
vt 0.651919 0.745215
vt 0.655537 0.733126
vt 0.659321 0.744077
vt 0.860467 0.738183
vt 0.866811 0.744900
vt 0.866372 0.753931
vt 0.865932 0.762266
vt 0.865615 0.770609
vt 0.865406 0.778780
vt 0.865375 0.786720
vt 0.865685 0.794312
vt 0.652339 0.758973
vt 0.660247 0.753491
vt 0.748341 0.908957
vt 0.755452 0.902409
vt 0.915771 0.929137
vt 0.923275 0.922789
vt 0.697174 0.685504
vt 0.703436 0.693917
vt 0.704002 0.702102
vt 0.704562 0.710574
vt 0.705074 0.719089
vt 0.705571 0.728170
vt 0.705526 0.743207
vt 0.704971 0.752201
vt 0.704493 0.760486
vt 0.704050 0.768830
vt 0.703447 0.776942
vt 0.702930 0.784652
vt 0.642108 0.752853
vt 0.595255 0.683379
vt 0.748459 0.795693
vt 0.925491 0.879208
vt 0.960814 0.695775
vt 0.952658 0.695989
vt 0.944237 0.696223
vt 0.935773 0.696342
vt 0.926701 0.696482
vt 0.924645 0.701402
vt 0.920818 0.697773
vt 0.925390 0.698425
vt 0.919483 0.696015
vt 0.921903 0.701479
vt 0.933948 0.701174
vt 0.929394 0.698209
vt 0.934696 0.698359
vt 0.927727 0.696553
vt 0.930583 0.702336
vt 0.942499 0.700857
vt 0.937624 0.697990
vt 0.943203 0.698223
vt 0.938788 0.702385
vt 0.951030 0.700394
vt 0.946437 0.697715
vt 0.951044 0.697922
vt 0.946897 0.701967
vt 0.958955 0.700070
vt 0.954840 0.697463
vt 0.959020 0.697716
vt 0.955115 0.701385
vt 0.923355 0.883421
vt 0.919887 0.880975
vt 0.923484 0.881161
vt 0.917845 0.879569
vt 0.919982 0.884336
vt 0.750870 0.791344
vt 0.753904 0.793659
vt 0.750704 0.793619
vt 0.755828 0.795020
vt 0.753919 0.790767
vt 0.597954 0.678773
vt 0.600740 0.681062
vt 0.597727 0.681156
vt 0.602504 0.682427
vt 0.600869 0.678526
vt 0.644216 0.748413
vt 0.647302 0.750873
vt 0.644076 0.751402
vt 0.649269 0.752618
vt 0.647384 0.748517
vt 0.707769 0.787467
vt 0.704578 0.790579
vt 0.704217 0.786888
vt 0.702758 0.792028
vt 0.706879 0.791054
vt 0.708740 0.780449
vt 0.704749 0.783626
vt 0.704631 0.779359
vt 0.706982 0.784420
vt 0.705311 0.771095
vt 0.707766 0.776059
vt 0.705337 0.775727
vt 0.709735 0.772081
vt 0.705982 0.762351
vt 0.708737 0.767855
vt 0.706006 0.767588
vt 0.710640 0.763816
vt 0.706542 0.753918
vt 0.709537 0.759000
vt 0.706487 0.759569
vt 0.711189 0.755208
vt 0.707291 0.745838
vt 0.710335 0.750481
vt 0.707038 0.751168
vt 0.711531 0.747027
vt 0.705706 0.744314
vt 0.707312 0.737205
vt 0.710694 0.740619
vt 0.707519 0.741801
vt 0.705621 0.736066
vt 0.710994 0.737895
vt 0.710699 0.730869
vt 0.707325 0.734258
vt 0.707543 0.729621
vt 0.705621 0.735376
vt 0.711029 0.733615
vt 0.710405 0.721044
vt 0.707352 0.725668
vt 0.707117 0.720218
vt 0.705750 0.727166
vt 0.711628 0.724586
vt 0.709613 0.712357
vt 0.706640 0.717405
vt 0.706534 0.711620
vt 0.711317 0.716290
vt 0.708714 0.703535
vt 0.705948 0.708488
vt 0.705887 0.703574
vt 0.710623 0.707953
vt 0.707970 0.695391
vt 0.705316 0.699971
vt 0.705320 0.695456
vt 0.709727 0.699538
vt 0.704981 0.687927
vt 0.708727 0.691883
vt 0.704794 0.691915
vt 0.703103 0.686075
vt 0.707604 0.688046
vt 0.918038 0.921510
vt 0.921505 0.918250
vt 0.921457 0.921519
vt 0.915978 0.923494
vt 0.918178 0.918915
vt 0.750570 0.901185
vt 0.753968 0.898253
vt 0.753784 0.901118
vt 0.748274 0.903281
vt 0.750784 0.898466
vt 0.654646 0.751881
vt 0.657693 0.748976
vt 0.657985 0.751627
vt 0.654407 0.748772
vt 0.652996 0.753237
vt 0.866824 0.788479
vt 0.870027 0.791937
vt 0.867372 0.792269
vt 0.870552 0.788192
vt 0.866774 0.780731
vt 0.869822 0.785031
vt 0.867123 0.785098
vt 0.871130 0.780914
vt 0.866987 0.772572
vt 0.869993 0.777368
vt 0.867163 0.777351
vt 0.871727 0.773000
vt 0.867391 0.764103
vt 0.870588 0.768999
vt 0.867436 0.769127
vt 0.872252 0.764447
vt 0.867991 0.755353
vt 0.871319 0.760177
vt 0.867891 0.761106
vt 0.872715 0.756135
vt 0.868771 0.747227
vt 0.872070 0.751520
vt 0.868452 0.752627
vt 0.872956 0.747920
vt 0.867118 0.745983
vt 0.868949 0.739060
vt 0.872011 0.742470
vt 0.868479 0.743650
vt 0.866916 0.737704
vt 0.872205 0.739780
vt 0.765803 0.675897
vt 0.789891 0.669979
vt 0.790659 0.678725
vt 0.872985 0.712360
vt 0.866071 0.688091
vt 0.874219 0.687879
vt 0.858908 0.712253
vt 0.865978 0.712360
vt 0.851668 0.712068
vt 0.858003 0.688005
vt 0.760062 0.931986
vt 0.766193 0.907904
vt 0.767352 0.932315
vt 0.768022 0.985549
vt 0.758099 0.961282
vt 0.766053 0.961305
vt 0.649897 0.676736
vt 0.660230 0.700857
vt 0.652338 0.701029
vt 0.755967 0.986682
vt 0.749651 0.961361
vt 0.757487 0.962273
vt 0.593546 0.938160
vt 0.618181 0.932593
vt 0.617777 0.940524
vt 0.594423 0.930372
vt 0.618610 0.924806
vt 0.595050 0.922335
vt 0.618989 0.916833
vt 0.595456 0.914243
vt 0.619296 0.908612
vt 0.595653 0.906167
vt 0.619570 0.900170
vt 0.595666 0.898206
vt 0.619933 0.891451
vt 0.595502 0.890545
vt 0.619775 0.882700
vt 0.595199 0.883162
vt 0.619485 0.874087
vt 0.594531 0.869144
vt 0.594856 0.876056
vt 0.594273 0.862209
vt 0.618758 0.865750
vt 0.594083 0.855201
vt 0.618292 0.857754
vt 0.593881 0.848035
vt 0.617949 0.849873
vt 0.593546 0.840693
vt 0.617814 0.842050
vt 0.755501 0.827926
vt 0.750514 0.851828
vt 0.748274 0.827291
vt 0.641831 0.729374
vt 0.647061 0.704627
vt 0.649351 0.729728
vt 0.638663 0.677635
vt 0.629656 0.702513
vt 0.630890 0.676645
vt 0.765184 0.715658
vt 0.788945 0.727441
vt 0.763859 0.723342
vt 0.766065 0.707681
vt 0.789778 0.719563
vt 0.766530 0.699621
vt 0.790388 0.711827
vt 0.766613 0.691553
vt 0.790737 0.703913
vt 0.790759 0.687390
vt 0.790835 0.695761
vt 0.766360 0.683576
vt 0.887303 0.712095
vt 0.882674 0.687381
vt 0.891402 0.687326
vt 0.880083 0.712236
vt 0.798841 0.973744
vt 0.847606 0.919078
vt 0.853160 0.922825
vt 0.868501 0.663626
vt 0.876195 0.671967
vt 0.867183 0.672807
vt 0.815316 0.710319
vt 0.817421 0.703715
vt 0.816504 0.710282
vt 0.634535 0.916471
vt 0.644001 0.923146
vt 0.633081 0.925220
vt 0.642034 0.841355
vt 0.633637 0.848438
vt 0.631528 0.840015
vt 0.806063 0.687168
vt 0.814815 0.694819
vt 0.804561 0.696426
vt 0.655537 0.726876
vt 0.651919 0.714786
vt 0.659321 0.715924
vt 0.634780 0.875595
vt 0.643874 0.882802
vt 0.634108 0.882490
vt 0.803335 0.719188
vt 0.815606 0.723842
vt 0.803767 0.726999
vt 0.860911 0.664033
vt 0.867679 0.672093
vt 0.859120 0.673081
vt 0.634994 0.908126
vt 0.643257 0.915226
vt 0.633393 0.916844
vt 0.644446 0.833502
vt 0.633424 0.840570
vt 0.631761 0.831236
vt 0.805624 0.679301
vt 0.814394 0.686355
vt 0.804718 0.687642
vt 0.748596 0.936458
vt 0.756935 0.946821
vt 0.749665 0.947909
vt 0.633711 0.865222
vt 0.643664 0.871819
vt 0.634840 0.873284
vt 0.804506 0.711854
vt 0.815659 0.717347
vt 0.803943 0.720136
vt 0.804481 0.670568
vt 0.816201 0.674595
vt 0.805696 0.678099
vt 0.853524 0.662904
vt 0.859604 0.672029
vt 0.850924 0.672814
vt 0.635351 0.899449
vt 0.643579 0.907435
vt 0.633799 0.908611
vt 0.755094 0.878187
vt 0.750634 0.866108
vt 0.758967 0.866326
vt 0.885229 0.673002
vt 0.889073 0.661697
vt 0.892351 0.671564
vt 0.632602 0.931263
vt 0.645051 0.935623
vt 0.633340 0.939331
vt 0.642136 0.857243
vt 0.634687 0.865361
vt 0.632757 0.856611
vt 0.805435 0.704076
vt 0.804179 0.712689
vt 0.761068 0.882709
vt 0.766610 0.892607
vt 0.758297 0.893284
vt 0.635220 0.891447
vt 0.643741 0.898793
vt 0.634423 0.899748
vt 0.643014 0.678412
vt 0.646814 0.691030
vt 0.639209 0.690040
vt 0.875924 0.672109
vt 0.884206 0.672123
vt 0.633639 0.924141
vt 0.644649 0.929835
vt 0.633054 0.932662
vt 0.642063 0.849361
vt 0.634283 0.856977
vt 0.632191 0.848244
vt 0.805845 0.695795
vt 0.814584 0.702474
vt 0.804401 0.704469
vt 0.762018 0.935686
vt 0.766478 0.946826
vt 0.758561 0.946620
vt 0.634128 0.882425
vt 0.644629 0.887015
vt 0.635019 0.889348
vt 0.638545 0.727815
vt 0.630430 0.717377
vt 0.637515 0.716297
vt 0.796863 0.677789
vt 0.796810 0.686875
vt 0.796742 0.695336
vt 0.796466 0.703756
vt 0.795939 0.711904
vt 0.795235 0.719730
vt 0.794548 0.727343
vt 0.637568 0.703519
vt 0.629706 0.707947
vt 0.639269 0.704282
vt 0.646453 0.699225
vt 0.758224 0.852442
vt 0.750938 0.857378
vt 0.617780 0.834135
vt 0.623734 0.841531
vt 0.624308 0.849587
vt 0.624831 0.857894
vt 0.625411 0.866159
vt 0.626091 0.875135
vt 0.626343 0.890173
vt 0.625968 0.899269
vt 0.625562 0.907798
vt 0.625084 0.916293
vt 0.624525 0.924513
vt 0.623991 0.932402
vt 0.750375 0.955725
vt 0.660247 0.706511
vt 0.758270 0.955552
vt 0.758520 0.901784
vt 0.758099 0.907732
vt 0.850828 0.681243
vt 0.849840 0.687616
vt 0.858992 0.681499
vt 0.867344 0.681428
vt 0.875704 0.681153
vt 0.884752 0.680857
vt 0.887267 0.675672
vt 0.890633 0.678789
vt 0.886026 0.679200
vt 0.891978 0.680858
vt 0.889932 0.675505
vt 0.878245 0.675470
vt 0.882476 0.678860
vt 0.877059 0.679089
vt 0.883686 0.680544
vt 0.881874 0.674653
vt 0.869568 0.676064
vt 0.874322 0.679500
vt 0.868556 0.679488
vt 0.873658 0.674756
vt 0.860850 0.676537
vt 0.865582 0.679906
vt 0.860575 0.679714
vt 0.865422 0.675058
vt 0.852663 0.676676
vt 0.857163 0.680004
vt 0.852434 0.679546
vt 0.857077 0.675289
vt 0.760225 0.897396
vt 0.764342 0.900326
vt 0.760139 0.900046
vt 0.766202 0.901642
vt 0.764148 0.896146
vt 0.760371 0.951148
vt 0.763901 0.954044
vt 0.760192 0.953764
vt 0.765673 0.955357
vt 0.763938 0.950422
vt 0.657692 0.711025
vt 0.654646 0.708121
vt 0.657985 0.708375
vt 0.652996 0.706765
vt 0.654407 0.711230
vt 0.751859 0.951569
vt 0.755257 0.954501
vt 0.752043 0.954434
vt 0.757554 0.956597
vt 0.755044 0.951782
vt 0.628844 0.933980
vt 0.625640 0.937825
vt 0.625411 0.934249
vt 0.623707 0.940065
vt 0.628340 0.937539
vt 0.629800 0.926695
vt 0.625929 0.930584
vt 0.625841 0.926564
vt 0.628573 0.930531
vt 0.626406 0.918432
vt 0.629076 0.923029
vt 0.626415 0.922966
vt 0.630836 0.918862
vt 0.626971 0.909876
vt 0.629792 0.914812
vt 0.626958 0.914800
vt 0.631661 0.910366
vt 0.627557 0.900935
vt 0.630596 0.905951
vt 0.627523 0.906727
vt 0.632253 0.901993
vt 0.628161 0.892656
vt 0.631277 0.897242
vt 0.627998 0.898112
vt 0.632454 0.893683
vt 0.626539 0.891178
vt 0.628013 0.884060
vt 0.631434 0.887403
vt 0.628295 0.888695
vt 0.631726 0.884653
vt 0.626293 0.882966
vt 0.631295 0.877652
vt 0.627959 0.881113
vt 0.628103 0.876514
vt 0.626284 0.882275
vt 0.631633 0.880373
vt 0.630794 0.867807
vt 0.627814 0.872486
vt 0.627491 0.867164
vt 0.626250 0.874029
vt 0.632034 0.871242
vt 0.629885 0.859314
vt 0.626959 0.864425
vt 0.626833 0.858784
vt 0.631581 0.863080
vt 0.628987 0.850513
vt 0.626296 0.856022
vt 0.626269 0.850805
vt 0.630921 0.854517
vt 0.628019 0.842420
vt 0.625567 0.847341
vt 0.625606 0.842742
vt 0.629963 0.846376
vt 0.625284 0.834945
vt 0.629124 0.838254
vt 0.625002 0.839177
vt 0.623518 0.833857
vt 0.627531 0.834243
vt 0.756519 0.859428
vt 0.753273 0.862267
vt 0.752985 0.858801
vt 0.758120 0.857761
vt 0.756771 0.861728
vt 0.641258 0.697245
vt 0.644345 0.694785
vt 0.644484 0.697773
vt 0.639291 0.698990
vt 0.641177 0.694889
vt 0.635191 0.710263
vt 0.632405 0.712553
vt 0.632178 0.710170
vt 0.636955 0.708899
vt 0.635320 0.712800
vt 0.796625 0.721746
vt 0.799025 0.724910
vt 0.796677 0.725059
vt 0.799638 0.721711
vt 0.797268 0.714110
vt 0.799605 0.717844
vt 0.797303 0.717828
vt 0.800750 0.714373
vt 0.797831 0.706057
vt 0.800214 0.710386
vt 0.797912 0.710283
vt 0.801785 0.706551
vt 0.798204 0.697601
vt 0.800784 0.702326
vt 0.798373 0.702244
vt 0.802489 0.698163
vt 0.798464 0.688731
vt 0.801338 0.693621
vt 0.798722 0.694312
vt 0.802870 0.689900
vt 0.798615 0.680495
vt 0.801601 0.685046
vt 0.798809 0.685795
vt 0.802752 0.681668
vt 0.796948 0.678833
vt 0.798081 0.671904
vt 0.801733 0.675722
vt 0.798778 0.676475
vt 0.801800 0.672931
vt 0.796308 0.670584
vt 0.852983 0.661865
vt 0.859250 0.660751
vt 0.859534 0.661295
vt 0.816200 0.679762
vt 0.816172 0.685921
vt 0.815560 0.686071
vt 0.723794 0.695616
vt 0.724746 0.688867
vt 0.724997 0.695347
vt 0.815629 0.695885
vt 0.815722 0.702383
vt 0.874738 0.661959
vt 0.875310 0.662981
vt 0.924997 0.903210
vt 0.919056 0.901823
vt 0.924942 0.902025
vt 0.815897 0.687806
vt 0.816014 0.694649
vt 0.866811 0.662329
vt 0.867373 0.663289
vt 0.751859 0.881200
vt 0.757443 0.881989
vt 0.815034 0.680047
vt 0.649898 0.732882
vt 0.655537 0.731943
vt 0.860075 0.662333
vt 0.815251 0.668910
vt 0.817410 0.673874
vt 0.766868 0.881164
vt 0.767352 0.882247
vt 0.886501 0.783304
vt 0.887104 0.789490
vt 0.767746 0.934748
vt 0.768022 0.935913
vt 0.886770 0.778101
vt 0.886278 0.784659
vt 0.918077 0.714816
vt 0.923005 0.716890
vt 0.917379 0.716019
vt 0.649898 0.727120
vt 0.649899 0.725937
vt 0.886013 0.771565
vt 0.884951 0.778125
vt 0.929031 0.714622
vt 0.935054 0.715115
vt 0.928753 0.715789
vt 0.753969 0.934516
vt 0.754180 0.935669
vt 0.885095 0.763525
vt 0.884108 0.769990
vt 0.936712 0.715404
vt 0.943547 0.715514
vt 0.936543 0.716603
vt 0.644493 0.929430
vt 0.646303 0.935611
vt 0.885470 0.755336
vt 0.884681 0.762099
vt 0.944340 0.714913
vt 0.950766 0.715156
vt 0.944224 0.716037
vt 0.645066 0.923316
vt 0.645854 0.930136
vt 0.884423 0.752787
vt 0.885622 0.747050
vt 0.885501 0.753274
vt 0.951415 0.716619
vt 0.951521 0.715451
vt 0.646159 0.916965
vt 0.645106 0.923628
vt 0.884873 0.746221
vt 0.887163 0.741608
vt 0.885981 0.746990
vt 0.915823 0.900046
vt 0.915921 0.898885
vt 0.645430 0.909136
vt 0.644276 0.915749
vt 0.757761 0.774637
vt 0.757684 0.775793
vt 0.645751 0.901064
vt 0.644635 0.907997
vt 0.598652 0.662730
vt 0.604171 0.662371
vt 0.645377 0.893022
vt 0.644821 0.899296
vt 0.639748 0.732864
vt 0.645192 0.730882
vt 0.645182 0.882080
vt 0.645885 0.887307
vt 0.724393 0.784262
vt 0.725341 0.790604
vt 0.645507 0.878167
vt 0.645019 0.883381
vt 0.725462 0.778761
vt 0.725330 0.785738
vt 0.643935 0.865995
vt 0.644805 0.872090
vt 0.723485 0.770759
vt 0.723058 0.777093
vt 0.643606 0.863860
vt 0.643289 0.857411
vt 0.644760 0.864029
vt 0.723401 0.762238
vt 0.723040 0.768747
vt 0.643647 0.855965
vt 0.643225 0.849485
vt 0.644809 0.856090
vt 0.723222 0.754276
vt 0.722985 0.760738
vt 0.643612 0.847728
vt 0.643206 0.841438
vt 0.644785 0.847810
vt 0.723509 0.752121
vt 0.722371 0.752408
vt 0.645659 0.840576
vt 0.645797 0.833643
vt 0.647009 0.840717
vt 0.724896 0.739910
vt 0.723759 0.740504
vt 0.748767 0.877955
vt 0.754770 0.879409
vt 0.748443 0.879177
vt 0.724517 0.736001
vt 0.723266 0.736310
vt 0.648812 0.679236
vt 0.643368 0.677253
vt 0.649166 0.678077
vt 0.724551 0.725077
vt 0.723478 0.725593
vt 0.633103 0.728596
vt 0.638622 0.728955
vt 0.633181 0.729735
vt 0.724811 0.717050
vt 0.723764 0.717625
vt 0.816500 0.717766
vt 0.816814 0.723765
vt 0.724374 0.709046
vt 0.723363 0.709578
vt 0.817285 0.710971
vt 0.816870 0.717312
vt 0.883695 0.662804
vt 0.888322 0.660583
vt 0.724988 0.701411
vt 0.723889 0.701892
vt 0.709142 0.183175
vt 0.706526 0.179098
vt 0.741447 0.153142
vt 0.689466 0.173421
vt 0.688743 0.178229
vt 0.658856 0.151895
vt 0.726826 0.778671
vt 0.726045 0.785692
vt 0.816460 0.668189
vt 0.818044 0.673496
vt 0.760583 0.881626
vt 0.766614 0.880596
vt 0.724667 0.770679
vt 0.723678 0.777051
vt 0.761742 0.934522
vt 0.767601 0.934138
vt 0.724566 0.762102
vt 0.723651 0.768676
vt 0.655536 0.728058
vt 0.649897 0.727740
vt 0.724375 0.754093
vt 0.723589 0.760643
vt 0.748385 0.935305
vt 0.753858 0.933912
vt 0.724299 0.746010
vt 0.724106 0.751970
vt 0.645745 0.929418
vt 0.646959 0.935605
vt 0.724336 0.734704
vt 0.725492 0.739599
vt 0.646271 0.923618
vt 0.646486 0.930294
vt 0.725148 0.730766
vt 0.725173 0.735840
vt 0.646738 0.917218
vt 0.645685 0.923881
vt 0.723913 0.718815
vt 0.725113 0.724806
vt 0.645964 0.909410
vt 0.644810 0.916023
vt 0.723611 0.710139
vt 0.725360 0.716748
vt 0.646304 0.901359
vt 0.645189 0.908292
vt 0.723158 0.702459
vt 0.724904 0.708767
vt 0.645944 0.893285
vt 0.645388 0.899559
vt 0.723932 0.694777
vt 0.725564 0.701159
vt 0.645841 0.882233
vt 0.646543 0.887460
vt 0.725377 0.688726
vt 0.725628 0.695206
vt 0.646108 0.878470
vt 0.645620 0.883684
vt 0.919027 0.901202
vt 0.924914 0.901404
vt 0.644533 0.866138
vt 0.645402 0.872233
vt 0.751970 0.880596
vt 0.757554 0.881384
vt 0.643894 0.857499
vt 0.645365 0.864117
vt 0.649898 0.732262
vt 0.655536 0.731323
vt 0.643833 0.849551
vt 0.645417 0.856155
vt 0.887140 0.783416
vt 0.887743 0.789601
vt 0.643821 0.841481
vt 0.645400 0.847854
vt 0.887363 0.778367
vt 0.886870 0.784926
vt 0.922639 0.717521
vt 0.917013 0.716650
vt 0.646505 0.833717
vt 0.647717 0.840791
vt 0.886540 0.771892
vt 0.885479 0.778452
vt 0.934908 0.715727
vt 0.928607 0.716401
vt 0.754601 0.880050
vt 0.748274 0.879818
vt 0.885590 0.763840
vt 0.884603 0.770305
vt 0.943458 0.716142
vt 0.936455 0.717231
vt 0.643553 0.676645
vt 0.649351 0.677469
vt 0.885997 0.755646
vt 0.885208 0.762409
vt 0.950705 0.715746
vt 0.944164 0.716627
vt 0.638663 0.729553
vt 0.633221 0.730333
vt 0.886187 0.747305
vt 0.886066 0.753529
vt 0.957935 0.716097
vt 0.951360 0.717231
vt 0.817133 0.717726
vt 0.817447 0.723725
vt 0.887743 0.742011
vt 0.886561 0.747393
vt 0.921938 0.899986
vt 0.915771 0.900655
vt 0.817920 0.710953
vt 0.817505 0.717294
vt 0.882944 0.661690
vt 0.887928 0.659999
vt 0.752021 0.774316
vt 0.757802 0.774031
vt 0.818044 0.703695
vt 0.817127 0.710262
vt 0.876731 0.661935
vt 0.882745 0.661357
vt 0.598730 0.661590
vt 0.604212 0.661773
vt 0.816768 0.695795
vt 0.816319 0.702336
vt 0.867930 0.662604
vt 0.874438 0.661423
vt 0.639394 0.731705
vt 0.645007 0.730274
vt 0.817097 0.687636
vt 0.816643 0.694560
vt 0.860349 0.663073
vt 0.866517 0.661825
vt 0.725687 0.784040
vt 0.726020 0.790488
vt 0.084716 0.347760
vt 0.102565 0.360436
vt 0.083789 0.357806
vt 0.101591 0.368906
vt 0.083208 0.367284
vt 0.101221 0.377552
vt 0.082692 0.376489
vt 0.100767 0.386217
vt 0.082439 0.385515
vt 0.100448 0.394864
vt 0.082261 0.394410
vt 0.100218 0.403491
vt 0.082146 0.403216
vt 0.100048 0.412092
vt 0.082084 0.411958
vt 0.099923 0.420656
vt 0.082077 0.420658
vt 0.099846 0.429166
vt 0.082137 0.429333
vt 0.100199 0.437751
vt 0.082111 0.438013
vt 0.100572 0.446525
vt 0.082099 0.446753
vt 0.100503 0.455333
vt 0.082238 0.455532
vt 0.100865 0.464204
vt 0.082175 0.464315
vt 0.100757 0.473122
vt 0.082235 0.473129
vt 0.100646 0.481963
vt 0.082244 0.481921
vt 0.100539 0.490752
vt 0.082226 0.490692
vt 0.082192 0.499443
vt 0.100439 0.499506
vt 0.082151 0.508175
vt 0.100345 0.508233
vt 0.082110 0.516890
vt 0.100259 0.516938
vt 0.082070 0.525586
vt 0.100178 0.525624
vt 0.082033 0.534265
vt 0.100102 0.534292
vt 0.082003 0.542931
vt 0.100033 0.542941
vt 0.081982 0.551588
vt 0.099971 0.551572
vt 0.081976 0.560240
vt 0.099920 0.560183
vt 0.081993 0.568893
vt 0.099886 0.568768
vt 0.082048 0.577558
vt 0.099883 0.577321
vt 0.082163 0.586252
vt 0.099935 0.585831
vt 0.082370 0.595004
vt 0.100082 0.594285
vt 0.082717 0.603863
vt 0.100393 0.602667
vt 0.083138 0.612899
vt 0.378499 0.984800
vt 0.357018 0.970447
vt 0.556850 0.930698
vt 0.101222 0.611010
vt 0.083956 0.622309
vt 0.102186 0.619389
vt 0.085059 0.632171
vt 0.200694 0.479615
vt 0.214607 0.482382
vt 0.124360 0.572629
vt 0.036305 0.622592
vt 0.036986 0.613184
vt 0.037454 0.604074
vt 0.037777 0.595150
vt 0.038002 0.586344
vt 0.038159 0.577612
vt 0.038268 0.568926
vt 0.038339 0.560271
vt 0.038374 0.551634
vt 0.038370 0.543008
vt 0.038314 0.534380
vt 0.038363 0.525731
vt 0.038421 0.517008
vt 0.038352 0.508240
vt 0.038326 0.499486
vt 0.038316 0.490748
vt 0.038302 0.482025
vt 0.038260 0.473312
vt 0.038355 0.464597
vt 0.038291 0.455850
vt 0.038232 0.447126
vt 0.038152 0.438425
vt 0.038205 0.429722
vt 0.038088 0.420987
vt 0.037954 0.412262
vt 0.037938 0.403513
vt 0.037726 0.394705
vt 0.037449 0.385857
vt 0.037189 0.376910
vt 0.036622 0.367765
vt 0.035800 0.358341
vt 0.034599 0.348583
vt 0.016146 0.353027
vt 0.017630 0.361136
vt 0.018502 0.369529
vt 0.018985 0.378073
vt 0.019562 0.386594
vt 0.019659 0.395165
vt 0.019664 0.403859
vt 0.020041 0.412524
vt 0.019982 0.421152
vt 0.019899 0.429885
vt 0.020245 0.438581
vt 0.020165 0.447202
vt 0.020066 0.455904
vt 0.019964 0.464691
vt 0.020314 0.473429
vt 0.020239 0.482058
vt 0.020145 0.490743
vt 0.020042 0.499481
vt 0.019937 0.508279
vt 0.019844 0.517156
vt 0.020235 0.525982
vt 0.020625 0.534585
vt 0.020591 0.543086
vt 0.020528 0.551624
vt 0.020444 0.560184
vt 0.020336 0.568753
vt 0.020195 0.577320
vt 0.019998 0.585877
vt 0.019712 0.594414
vt 0.019284 0.602924
vt 0.018636 0.611400
vt 0.017648 0.619834
vt 0.016146 0.628216
vt 0.035336 0.632407
vt 0.075431 0.218453
vt 0.618390 0.191625
vt 0.956248 0.665226
vt 0.923731 0.848284
vt 0.749930 0.826745
vt 0.596439 0.714680
vt 0.639209 0.783356
vt 0.796392 0.847107
vt 0.798890 0.840326
vt 0.841456 0.897385
vt 0.802519 0.834380
vt 0.847730 0.894918
vt 0.853265 0.891189
vt 0.807174 0.829463
vt 0.812727 0.825716
vt 0.861492 0.880382
vt 0.863962 0.873628
vt 0.819010 0.823240
vt 0.825804 0.822111
vt 0.832843 0.822377
vt 0.865225 0.866278
vt 0.839827 0.824064
vt 0.865217 0.858624
vt 0.846438 0.827152
vt 0.863898 0.850997
vt 0.852378 0.831567
vt 0.861269 0.843737
vt 0.857387 0.837167
vt 0.857894 0.886298
vt 0.834662 0.898516
vt 0.820616 0.896585
vt 0.813985 0.893516
vt 0.796433 0.869762
vt 0.808020 0.889125
vt 0.799079 0.877005
vt 0.802985 0.883551
vt 0.884465 0.754745
vt 0.885282 0.783091
vt 0.885640 0.777593
vt 0.885007 0.770943
vt 0.751648 0.882353
vt 0.884151 0.762926
vt 0.649899 0.734064
vt 0.765014 0.668500
vt 0.760584 0.985398
vt 0.657507 0.676645
vt 0.748274 0.985759
vt 0.857815 0.927742
vt 0.861443 0.933687
vt 0.812604 0.988280
vt 0.863942 0.940469
vt 0.818878 0.990747
vt 0.825672 0.991877
vt 0.865225 0.947840
vt 0.865225 0.955501
vt 0.832720 0.991618
vt 0.863901 0.963123
vt 0.839718 0.989946
vt 0.861255 0.970367
vt 0.846349 0.986878
vt 0.852314 0.982487
vt 0.857349 0.976912
vt 0.807069 0.984550
vt 0.802440 0.979659
vt 0.796371 0.966990
vt 0.841324 0.916602
vt 0.834530 0.915472
vt 0.795109 0.959639
vt 0.795117 0.951986
vt 0.827490 0.915739
vt 0.796436 0.944358
vt 0.820507 0.917425
vt 0.799064 0.937098
vt 0.813896 0.920513
vt 0.802946 0.930529
vt 0.807956 0.924929
vt 0.816232 0.703752
vt 0.645054 0.916484
vt 0.644362 0.877588
vt 0.815292 0.717843
vt 0.644411 0.908613
vt 0.642795 0.865723
vt 0.816074 0.711007
vt 0.644695 0.900502
vt 0.644297 0.892519
vt 0.643926 0.881788
vt 0.852699 0.661321
vt 0.816811 0.679613
vt 0.704963 0.175677
vt 0.703886 0.172067
vt 0.737915 0.149121
vt 0.703163 0.167259
vt 0.733773 0.145733
vt 0.703163 0.161870
vt 0.704043 0.156568
vt 0.729268 0.143260
vt 0.705810 0.151750
vt 0.724613 0.141851
vt 0.708409 0.147682
vt 0.720012 0.141588
vt 0.715658 0.142496
vt 0.711736 0.144554
vt 0.744056 0.157209
vt 0.745617 0.160626
vt 0.712688 0.187213
vt 0.746692 0.164234
vt 0.747416 0.169044
vt 0.716848 0.190626
vt 0.747425 0.174446
vt 0.721373 0.193126
vt 0.746563 0.179771
vt 0.726045 0.194558
vt 0.744817 0.184617
vt 0.730657 0.194837
vt 0.742239 0.188714
vt 0.735012 0.193931
vt 0.738927 0.191863
vt 0.687666 0.181839
vt 0.686103 0.185260
vt 0.654714 0.155283
vt 0.683487 0.189336
vt 0.651182 0.159303
vt 0.679941 0.193375
vt 0.648572 0.163371
vt 0.675781 0.196788
vt 0.645937 0.170395
vt 0.647012 0.166788
vt 0.671256 0.199288
vt 0.645213 0.175205
vt 0.666584 0.200720
vt 0.645204 0.180608
vt 0.646066 0.185933
vt 0.661972 0.200998
vt 0.657616 0.200092
vt 0.647812 0.190779
vt 0.653702 0.198025
vt 0.650390 0.194875
vt 0.663361 0.149422
vt 0.689466 0.168031
vt 0.668016 0.148013
vt 0.688586 0.162729
vt 0.672617 0.147749
vt 0.686818 0.157912
vt 0.676970 0.148658
vt 0.684220 0.153844
vt 0.680892 0.150715
vt 0.727541 0.778625
vt 0.817094 0.667812
vt 0.760329 0.881058
vt 0.725286 0.770638
vt 0.761597 0.933912
vt 0.725176 0.762030
vt 0.655536 0.728678
vt 0.724980 0.753997
vt 0.748274 0.934700
vt 0.724895 0.745860
vt 0.646401 0.929412
vt 0.724932 0.734392
vt 0.646902 0.923776
vt 0.725804 0.730604
vt 0.724475 0.718544
vt 0.724160 0.709837
vt 0.723688 0.702180
vt 0.724509 0.694525
vt 0.957880 0.716710
vt 0.921886 0.900595
vt 0.882550 0.661107
vt 0.752061 0.773711
vt 0.876485 0.661362
vt 0.598770 0.660993
vt 0.817365 0.695748
vt 0.867630 0.662068
vt 0.639209 0.731098
vt 0.817726 0.687547
vt 0.860055 0.662570
vt 0.726365 0.783924
vt 0.104063 0.351970
vt 0.338750 0.952179
vt 0.324397 0.930698
vt 0.571777 0.855656
vt 0.314510 0.906829
vt 0.566737 0.830317
vt 0.309470 0.881491
vt 0.556850 0.806449
vt 0.309470 0.855656
vt 0.542497 0.784968
vt 0.314510 0.830317
vt 0.324397 0.806449
vt 0.524229 0.766700
vt 0.338750 0.784968
vt 0.502748 0.752347
vt 0.357018 0.766700
vt 0.478879 0.742460
vt 0.378499 0.752347
vt 0.427706 0.737420
vt 0.402367 0.742460
vt 0.453541 0.737420
vt 0.571777 0.881491
vt 0.566737 0.906829
vt 0.542497 0.952179
vt 0.524229 0.970447
vt 0.402367 0.994687
vt 0.502748 0.984800
vt 0.453541 0.999727
vt 0.478879 0.994687
vt 0.427706 0.999727
vt 0.103840 0.627620
vt 0.227711 0.487810
vt 0.239506 0.495691
vt 0.147699 0.607558
vt 0.249536 0.505721
vt 0.159493 0.615439
vt 0.257416 0.517515
vt 0.262845 0.530620
vt 0.172598 0.620867
vt 0.265612 0.544532
vt 0.200694 0.623634
vt 0.265612 0.558717
vt 0.214607 0.620867
vt 0.262845 0.572629
vt 0.257416 0.585734
vt 0.227711 0.615439
vt 0.249536 0.597528
vt 0.239506 0.607558
vt 0.186510 0.623634
vt 0.137668 0.597528
vt 0.129788 0.585734
vt 0.121592 0.558717
vt 0.186510 0.479615
vt 0.121592 0.544532
vt 0.172598 0.482382
vt 0.124360 0.530620
vt 0.129788 0.517515
vt 0.159493 0.487810
vt 0.137668 0.505721
vt 0.147699 0.495691
s 1
usemtl マテリアル.003
f 456/1/1 500/2/2 442/3/3
f 465/4/4 77/5/5 6/6/6
f 303/7/7 473/8/8 19/9/9
f 3/10/10 13/11/11 4/12/12
f 466/13/13 6/6/6 7/14/14
f 4/12/12 14/15/15 469/16/16
f 1/17/17 7/14/14 8/18/18
f 469/16/16 15/19/19 5/20/20
f 467/21/21 8/18/18 9/22/22
f 470/23/23 15/19/19 16/24/24
f 467/21/21 10/25/25 2/26/26
f 470/23/23 17/27/27 471/28/28
f 468/29/29 10/25/25 11/30/30
f 471/28/28 18/31/31 472/32/32
f 67/33/33 485/34/34 53/35/35
f 472/32/32 19/9/9 473/8/8
f 18/31/31 31/36/36 32/37/37
f 429/38/38 496/39/39 499/40/40
f 18/31/31 33/41/41 19/9/9
f 67/33/42 489/42/43 488/43/44
f 6/6/6 77/44/5 20/45/45
f 303/46/7 19/9/9 33/41/41
f 12/47/46 27/48/47 13/11/11
f 6/6/6 21/49/48 7/14/14
f 13/11/11 28/50/49 14/15/15
f 7/14/14 22/51/50 8/18/18
f 15/19/19 28/50/49 29/52/51
f 8/18/18 23/53/52 9/22/22
f 16/24/24 29/52/51 30/54/53
f 9/22/22 24/55/54 10/25/25
f 17/27/27 30/54/53 31/36/36
f 10/25/25 25/56/55 11/30/30
f 29/52/51 42/57/56 43/58/57
f 22/51/50 37/59/58 23/53/52
f 30/54/53 43/58/57 44/60/59
f 23/53/52 38/61/60 24/55/54
f 31/36/36 44/60/59 45/62/61
f 24/55/54 39/63/62 25/56/55
f 32/37/37 45/62/61 46/64/63
f 3/10/64 505/65/65 475/66/66
f 33/41/41 46/64/63 47/67/67
f 468/29/68 503/68/69 456/1/1
f 20/45/45 77/69/5 34/70/70
f 303/71/7 33/41/41 47/67/67
f 26/72/71 41/73/72 27/48/47
f 20/45/45 35/74/73 21/49/48
f 27/48/47 42/57/56 28/50/49
f 21/49/48 36/75/74 22/51/50
f 47/67/67 60/76/75 61/77/76
f 11/30/77 479/78/78 476/79/79
f 34/70/70 77/80/5 48/81/80
f 303/82/7 47/67/67 61/77/76
f 40/83/81 55/84/82 41/73/72
f 34/70/70 49/85/83 35/74/73
f 41/73/72 56/86/84 42/57/56
f 35/74/73 50/87/85 36/75/74
f 43/58/57 56/86/84 57/88/86
f 36/75/74 51/89/87 37/59/58
f 43/58/57 58/90/88 44/60/59
f 38/61/60 51/89/87 52/91/89
f 45/62/61 58/90/88 59/92/90
f 38/61/60 53/35/91 39/63/62
f 46/64/63 59/92/90 60/76/75
f 26/72/92 484/93/93 40/83/94
f 50/87/85 65/94/95 51/89/87
f 57/88/86 73/95/96 58/90/88
f 52/91/89 65/94/95 66/96/97
f 59/92/90 73/95/96 74/97/98
f 52/91/89 67/33/99 53/35/91
f 59/92/90 75/98/100 60/76/75
f 3/10/64 478/99/101 12/47/102
f 60/76/75 76/100/103 61/77/76
f 399/101/104 494/102/105 491/103/106
f 48/81/80 77/104/5 62/105/107
f 303/106/7 61/77/76 76/100/103
f 54/107/108 70/108/109 55/84/82
f 49/85/83 62/105/107 63/109/110
f 55/84/82 71/110/111 56/86/84
f 50/87/85 63/109/110 64/111/112
f 57/88/86 71/110/111 72/112/113
f 69/113/114 84/114/115 85/115/116
f 62/105/107 77/116/5 78/117/117
f 303/118/7 76/100/103 92/119/118
f 69/113/114 86/120/119 70/108/109
f 62/105/107 79/121/120 63/109/110
f 70/108/109 87/122/121 71/110/111
f 63/109/110 80/123/122 64/111/112
f 72/112/113 87/122/121 88/124/123
f 64/111/112 81/125/124 65/94/95
f 72/112/113 89/126/125 73/95/96
f 66/96/97 81/125/124 82/127/126
f 74/97/98 89/126/125 90/128/127
f 66/96/97 83/129/128 67/33/99
f 75/98/100 90/128/127 91/130/129
f 68/131/130 83/129/128 84/114/115
f 76/100/103 91/130/129 92/119/118
f 88/124/123 104/132/131 89/126/125
f 82/127/126 96/133/132 97/134/133
f 90/128/127 104/132/131 105/135/134
f 82/127/126 98/136/135 83/129/128
f 90/128/127 106/137/136 91/130/129
f 84/114/115 98/136/135 99/138/137
f 91/130/129 107/139/138 92/119/118
f 85/115/116 99/138/137 100/140/139
f 78/117/117 77/141/5 93/142/140
f 303/143/7 92/119/118 107/139/138
f 85/115/116 101/144/141 86/120/119
f 78/117/117 94/145/142 79/121/120
f 86/120/119 102/146/143 87/122/121
f 80/123/122 94/145/142 95/147/144
f 88/124/123 102/146/143 103/148/145
f 80/123/122 96/133/132 81/125/124
f 93/142/140 77/149/5 108/150/146
f 303/151/7 107/139/138 122/152/147
f 100/140/139 116/153/148 101/144/141
f 93/142/140 109/154/149 94/145/142
f 101/144/141 117/155/150 102/146/143
f 94/145/142 110/156/151 95/147/144
f 103/148/145 117/155/150 118/157/152
f 95/147/144 111/158/153 96/133/132
f 103/148/145 119/159/154 104/132/131
f 97/134/133 111/158/153 112/160/155
f 105/135/134 119/159/154 120/161/156
f 97/134/133 113/162/157 98/136/135
f 106/137/136 120/161/156 121/163/158
f 99/138/137 113/162/157 114/164/159
f 106/137/136 122/152/147 107/139/138
f 100/140/139 114/164/159 115/165/160
f 112/160/155 126/166/161 127/167/162
f 120/161/156 134/168/163 135/169/164
f 112/160/155 128/170/165 113/162/157
f 120/161/156 136/171/166 121/163/158
f 114/164/159 128/170/165 129/172/167
f 121/163/158 137/173/168 122/152/147
f 115/165/160 129/172/167 130/174/169
f 108/150/146 77/175/5 123/176/170
f 303/177/7 122/152/147 137/173/168
f 115/165/160 131/178/171 116/153/148
f 109/154/149 123/176/170 124/179/172
f 116/153/148 132/180/173 117/155/150
f 110/156/151 124/179/172 125/181/174
f 118/157/152 132/180/173 133/182/175
f 110/156/151 126/166/161 111/158/153
f 118/157/152 134/168/163 119/159/154
f 130/174/169 146/183/176 131/178/171
f 123/176/170 139/184/177 124/179/172
f 131/178/171 147/185/178 132/180/173
f 124/179/172 140/186/179 125/181/174
f 133/182/175 147/185/178 148/187/180
f 125/181/174 141/188/181 126/166/161
f 133/182/175 149/189/182 134/168/163
f 127/167/162 141/188/181 142/190/183
f 135/169/164 149/189/182 150/191/184
f 127/167/162 143/192/185 128/170/165
f 136/171/166 150/191/184 151/193/186
f 129/172/167 143/192/185 144/194/187
f 136/171/166 152/195/188 137/173/168
f 130/174/169 144/194/187 145/196/189
f 123/176/170 77/197/5 138/198/190
f 303/199/7 137/173/168 152/195/188
f 150/191/184 164/200/191 165/201/192
f 142/190/183 158/202/193 143/192/185
f 151/193/186 165/201/192 166/203/194
f 144/194/187 158/202/193 159/204/195
f 152/195/188 166/203/194 167/205/196
f 145/196/189 159/204/195 160/206/197
f 138/198/190 77/207/5 153/208/198
f 303/209/7 152/195/188 167/205/196
f 145/196/189 161/210/199 146/183/176
f 138/198/190 154/211/200 139/184/177
f 146/183/176 162/212/201 147/185/178
f 139/184/177 155/213/202 140/186/179
f 148/187/180 162/212/201 163/214/203
f 140/186/179 156/215/204 141/188/181
f 148/187/180 164/200/191 149/189/182
f 142/190/183 156/215/204 157/216/205
f 161/210/199 177/217/206 162/212/201
f 154/211/200 170/218/207 155/213/202
f 163/214/203 177/217/206 178/219/208
f 155/213/202 171/220/209 156/215/204
f 163/214/203 179/221/210 164/200/191
f 157/216/205 171/220/209 172/222/211
f 165/201/192 179/221/210 180/223/212
f 157/216/205 173/224/213 158/202/193
f 166/203/194 180/223/212 181/225/214
f 159/204/195 173/224/213 174/226/215
f 167/205/196 181/225/214 182/227/216
f 160/206/197 174/226/215 175/228/217
f 153/208/198 77/229/5 168/230/218
f 303/231/7 167/205/196 182/227/216
f 160/206/197 176/232/219 161/210/199
f 153/208/198 169/233/220 154/211/200
f 180/223/212 196/234/221 181/225/214
f 174/226/215 188/235/222 189/236/223
f 181/225/214 197/237/224 182/227/216
f 175/228/217 189/236/223 190/238/225
f 168/230/218 77/239/5 183/240/226
f 303/241/7 182/227/216 197/237/224
f 175/228/217 191/242/227 176/232/219
f 169/233/220 183/240/226 184/243/228
f 176/232/219 192/244/229 177/217/206
f 170/218/207 184/243/228 185/245/230
f 178/219/208 192/244/229 193/246/231
f 170/218/207 186/247/232 171/220/209
f 178/219/208 194/248/233 179/221/210
f 172/222/211 186/247/232 187/249/234
f 180/223/212 194/248/233 195/250/235
f 172/222/211 188/235/222 173/224/213
f 184/243/228 200/251/236 185/245/230
f 193/246/231 207/252/237 208/253/238
f 185/245/230 201/254/239 186/247/232
f 193/246/231 209/255/240 194/248/233
f 187/249/234 201/254/239 202/256/241
f 195/250/235 209/255/240 210/257/242
f 187/249/234 203/258/243 188/235/222
f 196/234/221 210/257/242 211/259/244
f 189/236/223 203/258/243 204/260/245
f 197/237/224 211/259/244 212/261/246
f 190/238/225 204/260/245 205/262/247
f 183/240/226 77/263/5 198/264/248
f 303/265/7 197/237/224 212/261/246
f 190/238/225 206/266/249 191/242/227
f 183/240/226 199/267/250 184/243/228
f 191/242/227 207/252/237 192/244/229
f 204/260/245 218/268/251 219/269/252
f 212/261/246 226/270/253 227/271/254
f 205/262/247 219/269/252 220/272/255
f 198/264/248 77/273/5 213/274/256
f 303/275/7 212/261/246 227/271/254
f 205/262/247 221/276/257 206/266/249
f 198/264/248 214/277/258 199/267/250
f 206/266/249 222/278/259 207/252/237
f 199/267/250 215/279/260 200/251/236
f 208/253/238 222/278/259 223/280/261
f 200/251/236 216/281/262 201/254/239
f 208/253/238 224/282/263 209/255/240
f 202/256/241 216/281/262 217/283/264
f 210/257/242 224/282/263 225/284/265
f 202/256/241 218/268/251 203/258/243
f 211/259/244 225/284/265 226/270/253
f 223/280/261 237/285/266 238/286/267
f 215/279/260 231/287/268 216/281/262
f 223/280/261 239/288/269 224/282/263
f 217/283/264 231/287/268 232/289/270
f 225/284/265 239/288/269 240/290/271
f 217/283/264 233/291/272 218/268/251
f 226/270/253 240/290/271 241/292/273
f 219/269/252 233/291/272 234/293/274
f 226/270/253 242/294/275 227/271/254
f 220/272/255 234/293/274 235/295/276
f 213/274/256 77/296/5 228/297/277
f 303/298/7 227/271/254 242/294/275
f 220/272/255 236/299/278 221/276/257
f 214/277/258 228/297/277 229/300/279
f 221/276/257 237/285/266 222/278/259
f 214/277/258 230/301/280 215/279/260
f 241/292/273 257/302/281 242/294/275
f 235/295/276 249/303/282 250/304/283
f 228/297/277 77/305/5 243/306/284
f 303/307/7 242/294/275 257/302/281
f 235/295/276 251/308/285 236/299/278
f 229/300/279 243/306/284 244/309/286
f 236/299/278 252/310/287 237/285/266
f 230/301/280 244/309/286 245/311/288
f 238/286/267 252/310/287 253/312/289
f 230/301/280 246/313/290 231/287/268
f 238/286/267 254/314/291 239/288/269
f 232/289/270 246/313/290 247/315/292
f 240/290/271 254/314/291 255/316/293
f 232/289/270 248/317/294 233/291/272
f 240/290/271 256/318/295 241/292/273
f 234/293/274 248/317/294 249/303/282
f 245/311/288 261/319/296 246/313/290
f 253/312/289 269/320/297 254/314/291
f 247/315/292 261/319/296 262/321/298
f 255/316/293 269/320/297 270/322/299
f 247/315/292 263/323/300 248/317/294
f 256/318/295 270/322/299 271/324/301
f 249/303/282 263/323/300 264/325/302
f 256/318/295 272/326/303 257/302/281
f 250/304/283 264/325/302 265/327/304
f 243/306/284 77/328/5 258/329/305
f 303/330/7 257/302/281 272/326/303
f 250/304/283 266/331/306 251/308/285
f 244/309/286 258/329/305 259/332/307
f 251/308/285 267/333/308 252/310/287
f 244/309/286 260/334/309 245/311/288
f 253/312/289 267/333/308 268/335/310
f 265/327/304 279/336/311 280/337/312
f 258/329/305 77/338/5 273/339/313
f 303/340/7 272/326/303 287/341/314
f 265/327/304 281/342/315 266/331/306
f 258/329/305 274/343/316 259/332/307
f 266/331/306 282/344/317 267/333/308
f 259/332/307 275/345/318 260/334/309
f 268/335/310 282/344/317 283/346/319
f 260/334/309 276/347/320 261/319/296
f 268/335/310 284/348/321 269/320/297
f 262/321/298 276/347/320 277/349/322
f 270/322/299 284/348/321 285/350/323
f 262/321/298 278/351/324 263/323/300
f 270/322/299 286/352/325 271/324/301
f 264/325/302 278/351/324 279/336/311
f 271/324/301 287/341/314 272/326/303
f 283/346/319 299/353/326 284/348/321
f 277/349/322 291/354/327 292/355/328
f 285/350/323 299/353/326 300/356/329
f 277/349/322 293/357/330 278/351/324
f 285/350/323 301/358/331 286/352/325
f 279/336/311 293/357/330 294/359/332
f 287/341/314 301/358/331 302/360/333
f 280/337/312 294/359/332 295/361/334
f 273/339/313 77/362/5 288/363/335
f 303/364/7 287/341/314 302/360/333
f 280/337/312 296/365/336 281/342/315
f 273/339/313 289/366/337 274/343/316
f 281/342/315 297/367/338 282/344/317
f 275/345/318 289/366/337 290/368/339
f 283/346/319 297/367/338 298/369/340
f 275/345/318 291/354/327 276/347/320
f 303/370/7 302/360/333 318/371/341
f 295/361/334 312/372/342 296/365/336
f 289/366/337 304/373/343 305/374/344
f 296/365/336 313/375/345 297/367/338
f 290/368/339 305/374/344 306/376/346
f 298/369/340 313/375/345 314/377/347
f 290/368/339 307/378/348 291/354/327
f 298/369/340 315/379/349 299/353/326
f 292/355/328 307/378/348 308/380/350
f 300/356/329 315/379/349 316/381/351
f 292/355/328 309/382/352 293/357/330
f 300/356/329 317/383/353 301/358/331
f 294/359/332 309/382/352 310/384/354
f 301/358/331 318/371/341 302/360/333
f 295/361/334 310/384/354 311/385/355
f 288/363/335 77/386/5 304/373/343
f 316/381/351 330/387/356 331/388/357
f 308/380/350 324/389/358 309/382/352
f 316/381/351 332/390/359 317/383/353
f 310/384/354 324/389/358 325/391/360
f 318/371/341 332/390/359 333/392/361
f 311/385/355 325/391/360 326/393/362
f 304/373/343 77/394/5 319/395/363
f 303/396/7 318/371/341 333/392/361
f 311/385/355 327/397/364 312/372/342
f 304/373/343 320/398/365 305/374/344
f 312/372/342 328/399/366 313/375/345
f 305/374/344 321/400/367 306/376/346
f 314/377/347 328/399/366 329/401/368
f 306/376/346 322/402/369 307/378/348
f 314/377/347 330/387/356 315/379/349
f 308/380/350 322/402/369 323/403/370
f 319/395/363 335/404/371 320/398/365
f 327/397/364 343/405/372 328/399/366
f 321/400/367 335/404/371 336/406/373
f 329/401/368 343/405/372 344/407/374
f 321/400/367 337/408/375 322/402/369
f 329/401/368 345/409/376 330/387/356
f 323/403/370 337/408/375 338/410/377
f 331/388/357 345/409/376 346/411/378
f 323/403/370 339/412/379 324/389/358
f 331/388/357 347/413/380 332/390/359
f 325/391/360 339/412/379 340/414/381
f 333/392/361 347/413/380 348/415/382
f 326/393/362 340/414/381 341/416/383
f 319/395/363 77/417/5 334/418/384
f 303/419/7 333/392/361 348/415/382
f 326/393/362 342/420/385 327/397/364
f 338/410/377 354/421/386 339/412/379
f 346/411/378 362/422/387 347/413/380
f 340/414/381 354/421/386 355/423/388
f 348/415/382 362/422/387 363/424/389
f 341/416/383 355/423/388 356/425/390
f 334/418/384 77/426/5 349/427/391
f 303/428/7 348/415/382 363/424/389
f 341/416/383 357/429/392 342/420/385
f 334/418/384 350/430/393 335/404/371
f 342/420/385 358/431/394 343/405/372
f 336/406/373 350/430/393 351/432/395
f 344/407/374 358/431/394 359/433/396
f 336/406/373 352/434/397 337/408/375
f 344/407/374 360/435/398 345/409/376
f 338/410/377 352/434/397 353/436/399
f 346/411/378 360/435/398 361/437/400
f 357/438/392 373/439/401 358/440/394
f 351/441/395 365/442/402 366/443/403
f 359/444/396 373/439/401 374/445/404
f 351/441/395 367/446/405 352/447/397
f 359/444/396 375/448/406 360/449/398
f 353/450/399 367/446/405 368/451/407
f 361/452/400 375/448/406 376/453/408
f 353/450/399 369/454/409 354/455/386
f 361/452/400 377/456/410 362/457/387
f 355/458/388 369/454/409 370/459/411
f 362/457/387 378/460/412 363/461/389
f 356/462/390 370/459/411 371/463/413
f 349/464/391 77/465/5 364/466/414
f 303/467/7 363/461/389 378/460/412
f 356/462/390 372/468/415 357/438/392
f 350/469/393 364/466/414 365/442/402
f 376/453/408 392/470/416 377/456/410
f 370/459/411 384/471/417 385/472/418
f 377/456/410 393/473/419 378/460/412
f 371/463/413 385/472/418 386/474/420
f 364/466/414 77/475/5 379/476/421
f 303/477/7 378/460/412 393/473/419
f 371/463/413 387/478/422 372/468/415
f 365/442/402 379/476/421 380/479/423
f 372/468/415 388/480/424 373/439/401
f 366/443/403 380/479/423 381/481/425
f 374/445/404 388/480/424 389/482/426
f 366/443/403 382/483/427 367/446/405
f 374/445/404 390/484/428 375/448/406
f 368/451/407 382/483/427 383/485/429
f 376/453/408 390/484/428 391/486/430
f 368/451/407 384/471/417 369/454/409
f 381/481/425 395/487/431 396/488/432
f 389/482/426 403/489/433 404/490/434
f 381/481/425 397/491/435 382/483/427
f 389/482/426 405/492/436 390/484/428
f 383/485/429 397/491/435 398/493/437
f 391/486/430 405/492/436 406/494/438
f 383/485/429 399/101/439 384/471/417
f 391/486/430 407/495/440 392/470/416
f 385/472/418 399/101/439 400/496/441
f 393/473/419 407/495/440 408/497/442
f 386/474/420 400/496/441 401/498/443
f 379/476/421 77/499/5 394/500/444
f 303/501/7 393/473/419 408/497/442
f 386/474/420 402/502/445 387/478/422
f 379/476/421 395/487/431 380/479/423
f 387/478/422 403/489/433 388/480/424
f 443/503/446 499/40/40 502/504/447
f 407/495/440 422/505/448 408/497/442
f 468/29/68 476/79/79 506/506/449
f 394/500/444 77/507/5 409/508/450
f 303/509/7 408/497/442 422/505/448
f 401/498/443 416/510/451 402/502/445
f 394/500/444 410/511/452 395/487/431
f 402/502/445 417/512/453 403/489/433
f 396/488/432 410/511/452 411/513/454
f 404/490/434 417/512/453 418/514/455
f 396/488/432 412/515/456 397/491/435
f 404/490/434 419/516/457 405/492/436
f 398/493/437 412/515/456 413/517/458
f 406/494/438 419/516/457 420/518/459
f 398/493/437 414/519/460 399/101/439
f 406/494/438 421/520/461 407/495/440
f 418/514/455 431/521/462 432/522/463
f 411/513/454 426/523/464 412/515/456
f 418/514/455 433/524/465 419/516/457
f 413/517/458 426/523/464 427/525/466
f 420/518/459 433/524/465 434/526/467
f 413/517/458 428/527/468 414/519/460
f 420/518/459 435/528/469 421/520/461
f 400/496/470 493/529/471 401/498/472
f 422/505/448 435/528/469 436/530/473
f 457/531/474 502/504/447 505/65/65
f 409/508/450 77/532/5 423/533/475
f 303/534/7 422/505/448 436/530/473
f 415/535/476 430/536/477 416/510/451
f 409/508/450 424/537/478 410/511/452
f 416/510/451 431/521/462 417/512/453
f 411/513/454 424/537/478 425/538/479
f 435/528/469 450/539/480 436/530/473
f 69/113/481 487/540/482 490/541/483
f 423/533/475 77/542/5 437/543/484
f 303/544/7 436/530/473 450/539/480
f 429/38/485 444/545/486 430/536/477
f 424/537/478 437/543/484 438/546/487
f 430/536/477 445/547/488 431/521/462
f 425/538/479 438/546/487 439/548/489
f 432/522/463 445/547/488 446/549/490
f 425/538/479 440/550/491 426/523/464
f 432/522/463 447/551/492 433/524/465
f 427/525/466 440/550/491 441/552/493
f 434/526/467 447/551/492 448/553/494
f 427/525/466 442/3/495 428/527/468
f 434/526/467 449/554/496 435/528/469
f 40/83/94 487/540/482 54/107/497
f 446/549/490 461/555/498 447/551/492
f 441/552/493 454/556/499 455/557/500
f 448/553/494 461/555/498 462/558/501
f 441/552/493 456/1/502 442/3/495
f 448/553/494 463/559/503 449/554/496
f 399/101/504 492/560/505 400/496/470
f 450/539/480 463/559/503 464/561/506
f 428/527/507 494/102/105 414/519/508
f 437/543/484 77/562/5 451/563/509
f 303/564/7 450/539/480 464/561/506
f 443/503/510 458/565/511 444/545/486
f 437/543/484 452/566/512 438/546/487
f 444/545/486 459/567/513 445/547/488
f 439/548/489 452/566/512 453/568/514
f 446/549/490 459/567/513 460/569/515
f 439/548/489 454/556/499 440/550/491
f 451/563/509 77/570/5 465/4/4
f 303/571/7 464/561/506 473/8/8
f 457/531/516 4/12/12 458/565/511
f 451/563/509 466/13/13 452/566/512
f 458/565/511 469/16/16 459/567/513
f 453/568/514 466/13/13 1/17/17
f 459/567/513 5/20/20 460/569/515
f 454/556/499 1/17/17 467/21/21
f 460/569/515 470/23/23 461/555/498
f 455/557/500 467/21/21 2/26/26
f 462/558/501 470/23/23 471/28/28
f 456/1/502 2/26/26 468/29/29
f 462/558/501 472/32/32 463/559/503
f 442/3/3 497/572/517 428/527/507
f 463/559/503 473/8/8 464/561/506
f 25/56/518 482/573/519 479/78/78
f 474/574/520 478/575/521 475/576/522
f 506/577/523 477/578/524 474/574/520
f 476/579/525 480/580/526 477/578/524
f 477/578/524 481/581/527 478/575/521
f 479/582/528 483/583/529 480/580/526
f 480/580/526 484/584/530 481/581/527
f 483/583/529 487/585/531 484/584/530
f 482/586/532 486/587/533 483/583/529
f 485/588/534 489/589/535 486/587/533
f 486/587/533 490/590/536 487/585/531
f 492/591/537 494/592/538 495/593/539
f 493/594/540 495/593/539 496/595/541
f 495/593/539 497/596/542 498/597/543
f 496/595/541 498/597/543 499/598/544
f 499/598/544 501/599/545 502/600/546
f 498/597/543 500/601/547 501/599/545
f 501/599/545 503/602/548 504/603/549
f 502/600/546 504/603/549 505/604/550
f 504/603/549 506/577/523 474/574/520
f 505/604/550 474/574/520 475/576/522
f 12/47/102 481/605/551 26/72/92
f 68/131/552 490/541/553 489/42/43
f 401/498/554 496/39/39 415/535/555
f 39/63/556 485/34/34 482/573/519
f 507/606/557 602/607/558 538/608/559
f 510/609/560 544/610/561 509/611/562
f 510/609/560 548/612/563 546/613/564
f 511/614/565 550/615/566 548/612/563
f 512/616/567 552/617/568 550/618/566
f 513/619/569 554/620/570 552/621/568
f 514/622/571 556/623/572 554/624/570
f 515/625/573 558/626/574 556/627/572
f 516/628/575 560/629/576 558/630/574
f 517/631/577 562/632/578 560/629/576
f 518/633/579 564/634/580 562/632/578
f 519/635/581 566/636/582 564/634/580
f 520/637/583 568/638/584 566/636/582
f 521/639/585 570/640/586 568/638/584
f 523/641/587 570/640/586 522/642/588
f 524/643/589 572/644/590 523/641/587
f 525/645/591 574/646/592 524/643/589
f 526/647/593 576/648/594 525/645/591
f 527/649/595 578/650/596 526/647/593
f 528/651/597 580/652/598 527/649/595
f 529/653/599 582/654/600 528/651/597
f 530/655/601 584/656/602 529/657/599
f 531/658/603 586/659/604 530/660/601
f 532/661/605 588/662/606 531/663/603
f 533/664/607 590/665/608 532/666/605
f 533/664/607 594/667/609 592/668/610
f 534/669/611 596/670/612 594/667/609
f 535/671/613 598/672/614 596/670/612
f 537/673/615 598/672/614 536/674/616
f 538/608/559 600/675/617 537/673/615
f 508/676/618 540/677/619 507/678/557
f 509/611/562 542/679/620 508/676/618
f 510/680/621 509/681/622 517/682/623
f 606/683/624 543/684/625 545/685/626
f 893/686/627 1116/687/628 892/688/629
f 563/689/630 614/690/631 561/691/632
f 624/692/633 579/693/634 581/694/635
f 599/695/636 632/696/637 597/697/638
f 555/698/639 610/699/640 553/700/641
f 620/701/642 571/702/643 573/703/644
f 591/704/645 628/705/646 589/706/647
f 607/707/648 545/708/626 547/709/649
f 565/710/650 615/711/651 563/712/630
f 625/713/652 581/714/635 583/715/653
f 634/716/654 599/717/636 601/718/655
f 557/719/656 611/720/657 555/721/639
f 621/722/658 573/723/644 575/724/659
f 593/725/660 629/726/661 591/727/645
f 603/728/662 601/729/655 539/730/663
f 608/731/664 547/732/649 549/733/665
f 567/734/666 616/735/667 565/736/650
f 626/737/668 583/738/653 585/739/669
f 604/740/670 539/741/663 541/742/671
f 559/743/672 612/744/673 557/745/656
f 622/746/674 575/747/659 577/748/675
f 595/749/676 630/750/677 593/751/660
f 609/752/678 549/753/665 551/754/679
f 618/755/680 567/756/666 569/757/681
f 587/758/682 626/759/668 585/760/669
f 605/761/683 541/762/671 543/763/625
f 561/764/632 613/765/684 559/766/672
f 623/767/685 577/768/675 579/769/634
f 597/770/638 631/771/686 595/772/676
f 610/773/640 551/774/679 553/775/641
f 619/776/687 569/777/681 571/778/643
f 589/779/647 627/780/688 587/781/682
f 540/782/689 666/783/690 602/607/691
f 602/607/691 665/784/692 600/675/693
f 600/675/693 664/785/694 598/672/695
f 598/672/695 663/786/696 596/670/697
f 596/670/697 662/787/698 594/667/699
f 594/667/699 661/788/700 592/668/701
f 592/668/701 660/789/702 590/665/703
f 590/790/703 659/791/704 588/662/705
f 588/792/705 658/793/706 586/659/707
f 586/794/707 657/795/708 584/656/709
f 584/796/709 656/797/710 582/654/711
f 582/654/711 655/798/712 580/652/713
f 655/798/712 578/650/714 580/652/713
f 654/799/715 576/648/716 578/650/714
f 653/800/717 574/646/718 576/648/716
f 652/801/719 572/644/720 574/646/718
f 572/644/720 650/802/721 570/640/722
f 570/640/722 649/803/723 568/638/724
f 568/638/724 648/804/725 566/636/726
f 566/636/726 647/805/727 564/634/728
f 647/805/727 562/632/729 564/634/728
f 646/806/730 560/629/731 562/632/729
f 645/807/732 558/630/733 560/629/731
f 644/808/734 556/627/735 558/626/733
f 643/809/736 554/624/737 556/623/735
f 642/810/738 552/621/739 554/620/737
f 641/811/740 550/618/741 552/617/739
f 640/812/742 548/612/743 550/615/741
f 639/813/744 546/613/745 548/612/743
f 638/814/746 544/610/747 546/613/745
f 637/815/748 542/679/749 544/610/747
f 635/816/750 540/677/689 542/679/749
f 670/817/751 668/818/752 667/819/753
f 635/816/754 668/818/755 636/820/756
f 539/741/757 668/818/758 669/821/759
f 541/742/671 669/821/760 670/817/761
f 541/742/762 667/819/763 635/816/764
f 674/822/765 672/823/766 671/824/767
f 637/815/768 672/823/769 635/825/770
f 541/762/771 672/823/772 673/826/773
f 543/763/625 673/826/774 674/822/775
f 637/815/776 674/822/777 671/824/778
f 678/827/779 676/828/780 675/829/781
f 638/814/782 676/828/783 637/815/784
f 637/815/785 677/830/786 543/684/787
f 545/685/626 677/830/788 678/827/789
f 638/814/790 678/827/791 675/829/792
f 682/831/793 680/832/794 679/833/795
f 639/813/796 680/832/797 638/814/798
f 638/814/799 681/834/800 545/708/801
f 547/709/649 681/834/802 682/831/803
f 639/813/804 682/831/805 679/833/806
f 686/835/807 684/836/808 683/837/809
f 640/812/810 684/836/811 639/813/812
f 639/813/813 685/838/814 547/732/815
f 549/733/665 685/838/816 686/835/817
f 640/812/818 686/835/819 683/837/820
f 690/839/821 688/840/822 687/841/823
f 641/811/824 688/840/825 640/842/826
f 640/842/827 689/843/828 549/753/829
f 551/754/679 689/843/830 690/839/831
f 641/811/832 690/839/833 687/841/834
f 694/844/835 692/845/836 691/846/837
f 642/810/838 692/845/839 641/847/840
f 641/847/841 693/848/842 551/774/843
f 553/775/641 693/848/844 694/844/845
f 642/810/846 694/844/847 691/846/848
f 698/849/849 696/850/850 695/851/851
f 642/852/852 695/851/853 696/850/854
f 642/852/855 697/853/856 553/700/857
f 553/700/641 698/849/858 555/698/639
f 643/809/859 698/849/860 695/851/861
f 702/854/862 700/855/863 699/856/864
f 643/857/865 699/856/866 700/855/867
f 643/857/868 701/858/869 555/721/870
f 555/721/639 702/854/871 557/719/656
f 644/808/872 702/854/873 699/856/874
f 706/859/875 704/860/876 703/861/877
f 644/862/878 703/861/879 704/860/880
f 644/862/881 705/863/882 557/745/883
f 557/745/656 706/859/884 559/743/672
f 645/807/885 706/859/886 703/861/887
f 710/864/888 708/865/889 707/866/890
f 645/807/891 707/866/892 708/865/893
f 645/807/894 709/867/895 559/766/896
f 559/766/672 710/864/897 561/764/632
f 646/806/898 710/864/899 707/866/900
f 711/868/901 713/869/902 712/870/903
f 646/806/904 711/868/905 712/870/906
f 646/806/907 713/869/908 561/691/909
f 561/691/632 714/871/910 563/689/630
f 647/805/911 714/871/912 711/868/913
f 715/872/914 717/873/915 716/874/916
f 647/805/917 715/872/918 716/874/919
f 647/805/920 717/873/921 563/712/922
f 563/712/630 718/875/923 565/710/650
f 648/804/924 718/875/925 715/872/926
f 719/876/927 721/877/928 720/878/929
f 648/804/930 719/876/931 720/878/932
f 565/736/933 720/878/934 721/877/935
f 565/736/650 722/879/936 567/734/666
f 567/734/937 719/876/938 649/803/939
f 723/880/940 725/881/941 724/882/942
f 649/803/943 723/880/944 724/882/945
f 567/756/946 724/882/947 725/881/948
f 567/756/666 726/883/949 569/757/681
f 569/757/950 723/880/951 650/884/952
f 727/885/953 729/886/954 728/887/955
f 651/888/956 728/887/957 650/802/958
f 569/777/959 728/887/960 729/886/961
f 571/778/643 729/886/962 730/889/963
f 571/778/964 727/885/965 651/888/966
f 734/890/967 732/891/968 731/892/969
f 652/801/970 732/891/971 651/893/972
f 571/702/973 732/891/974 733/894/975
f 573/703/644 733/894/976 734/890/977
f 573/703/978 731/892/979 652/801/980
f 738/895/981 736/896/982 735/897/983
f 653/800/984 736/896/985 652/898/986
f 573/723/987 736/896/988 737/899/989
f 575/724/659 737/899/990 738/895/991
f 653/800/992 738/895/993 735/897/994
f 742/900/995 740/901/996 739/902/997
f 654/799/998 740/901/999 653/800/1000
f 653/800/1001 741/903/1002 575/747/1003
f 577/748/675 741/903/1004 742/900/1005
f 654/799/1006 742/900/1007 739/902/1008
f 746/904/1009 744/905/1010 743/906/1011
f 655/798/1012 744/905/1013 654/799/1014
f 654/799/1015 745/907/1016 577/768/1017
f 579/769/634 745/907/1018 746/904/1019
f 655/798/1020 746/904/1021 743/906/1022
f 750/908/1023 748/909/1024 747/910/1025
f 656/797/1026 748/909/1027 655/798/1028
f 655/798/1029 749/911/1030 579/693/1031
f 581/694/635 749/911/1032 750/908/1033
f 656/797/1034 750/908/1035 747/910/1036
f 751/912/1037 753/913/1038 752/914/1039
f 657/915/1040 752/914/1041 656/797/1042
f 656/797/1043 753/913/1044 581/714/1045
f 583/715/653 753/913/1046 754/916/1047
f 657/915/1048 754/916/1049 751/912/1050
f 755/917/1051 757/918/1052 756/919/1053
f 658/920/1054 756/919/1055 657/795/1056
f 657/795/1057 757/918/1058 583/738/1059
f 585/739/669 757/918/1060 758/921/1061
f 658/920/1062 758/921/1063 755/917/1064
f 759/922/1065 761/923/1066 760/924/1067
f 659/925/1068 760/924/1069 658/793/1070
f 658/793/1071 761/923/1072 585/760/1073
f 585/760/669 762/926/1074 587/758/682
f 659/925/1075 762/926/1076 759/922/1077
f 763/927/1078 765/928/1079 764/929/1080
f 659/791/1081 763/927/1082 764/929/1083
f 659/791/1084 765/928/1085 587/781/1086
f 587/781/682 766/930/1087 589/779/647
f 660/931/1088 766/930/1089 763/927/1090
f 767/932/1091 769/933/1092 768/934/1093
f 660/789/1094 767/932/1095 768/934/1096
f 660/789/1097 769/933/1098 589/706/1099
f 589/706/647 770/935/1100 591/704/645
f 661/788/1101 770/935/1102 767/932/1103
f 771/936/1104 773/937/1105 772/938/1106
f 661/788/1107 771/936/1108 772/938/1109
f 661/788/1110 773/937/1111 591/727/1112
f 591/727/645 774/939/1113 593/725/660
f 662/787/1114 774/939/1115 771/936/1116
f 775/940/1117 777/941/1118 776/942/1119
f 662/787/1120 775/940/1121 776/942/1122
f 662/787/1123 777/941/1124 593/751/1125
f 593/751/660 778/943/1126 595/749/676
f 663/786/1127 778/943/1128 775/940/1129
f 779/944/1130 781/945/1131 780/946/1132
f 663/786/1133 779/944/1134 780/946/1135
f 663/786/1136 781/945/1137 595/772/1138
f 595/772/676 782/947/1139 597/770/638
f 664/785/1140 782/947/1141 779/944/1142
f 783/948/1143 785/949/1144 784/950/1145
f 664/785/1146 783/948/1147 784/950/1148
f 597/697/1149 784/950/1150 785/949/1151
f 597/697/638 786/951/1152 599/695/636
f 599/695/1153 783/948/1154 665/784/1155
f 787/952/1156 789/953/1157 788/954/1158
f 665/784/1159 787/952/1160 788/954/1161
f 599/717/1162 788/954/1163 789/953/1164
f 599/717/636 790/955/1165 601/718/655
f 601/718/1166 787/952/1167 666/956/1168
f 791/957/1169 793/958/1170 792/959/1171
f 636/960/1172 792/959/1173 666/783/1174
f 601/729/1175 792/959/1176 793/958/1177
f 539/730/663 793/958/1178 794/961/1179
f 539/730/1180 791/957/1181 636/960/1182
f 826/962/1183 828/963/1184 890/964/1185
f 797/965/1186 834/966/1187 832/967/1188
f 799/968/1189 834/966/1187 798/969/1190
f 800/970/1191 836/971/1192 799/968/1189
f 801/972/1193 838/973/1194 800/974/1191
f 801/975/1193 842/976/1195 840/977/1196
f 802/978/1197 844/979/1198 842/980/1195
f 803/981/1199 846/982/1200 844/983/1198
f 804/984/1201 848/985/1202 846/986/1200
f 805/987/1203 850/988/1204 848/985/1202
f 806/989/1205 852/990/1206 850/988/1204
f 807/991/1207 854/992/1208 852/990/1206
f 808/993/1209 856/994/1210 854/992/1208
f 809/995/1211 858/996/1212 856/994/1210
f 810/997/1213 860/998/1214 858/996/1212
f 811/999/1215 862/1000/1216 860/998/1214
f 813/1001/1217 862/1000/1216 812/1002/1218
f 814/1003/1219 864/1004/1220 813/1001/1217
f 815/1005/1221 866/1006/1222 814/1003/1219
f 816/1007/1223 868/1008/1224 815/1005/1221
f 817/1009/1225 870/1010/1226 816/1007/1223
f 818/1011/1227 872/1012/1228 817/1013/1225
f 819/1014/1229 874/1015/1230 818/1016/1227
f 820/1017/1231 876/1018/1232 819/1019/1229
f 821/1020/1233 878/1021/1234 820/1022/1231
f 822/1023/1235 880/1024/1236 821/1020/1233
f 823/1025/1237 882/1026/1238 822/1023/1235
f 824/1027/1239 884/1028/1240 823/1025/1237
f 824/1027/1239 888/1029/1241 886/1030/1242
f 825/1031/1243 890/964/1185 888/1029/1241
f 795/1032/1244 830/1033/1245 828/1034/1184
f 796/1035/1246 832/967/1188 830/1033/1245
f 811/1036/1247 798/1037/1248 797/1038/1249
f 894/1039/1250 831/1040/1251 833/1041/1252
f 918/1042/1253 1143/1043/1254 1142/1044/1255
f 851/1045/1256 902/1046/1257 849/1047/1258
f 912/1048/1259 867/1049/1260 869/1050/1261
f 887/1051/1262 920/1052/1263 885/1053/1264
f 899/1054/1265 841/1055/1266 843/1056/1267
f 861/1057/1268 907/1058/1269 859/1059/1270
f 879/1060/1271 916/1061/1272 877/1062/1273
f 895/1063/1274 833/1064/1252 835/1065/1275
f 853/1066/1276 903/1067/1277 851/1068/1256
f 913/1069/1278 869/1070/1261 871/1071/1279
f 889/1072/1280 921/1073/1281 887/1074/1262
f 900/1075/1282 843/1076/1267 845/1077/1283
f 863/1078/1284 908/1079/1285 861/1080/1268
f 881/1081/1286 917/1082/1287 879/1083/1271
f 827/1084/1288 922/1085/1289 889/1086/1280
f 896/1087/1290 835/1088/1275 837/1089/1291
f 855/1090/1292 904/1091/1293 853/1092/1276
f 914/1093/1294 871/1094/1279 873/1095/1295
f 829/1096/1296 891/1097/1297 827/1098/1288
f 847/1099/1298 900/1100/1282 845/1101/1283
f 910/1102/1299 863/1103/1284 865/1104/1300
f 883/1105/1301 918/1042/1302 881/1106/1286
f 897/1107/1303 837/1108/1291 839/1109/1304
f 857/1110/1305 905/1111/1306 855/1112/1292
f 915/1113/1307 873/1114/1295 875/1115/1308
f 831/1116/1251 892/688/1309 829/1117/1296
f 849/1118/1258 901/1119/1310 847/1120/1298
f 911/1121/1311 865/1122/1300 867/1123/1260
f 885/1124/1264 919/1125/1312 883/1126/1301
f 898/1127/1313 839/1128/1304 841/1129/1266
f 859/1130/1270 906/1131/1314 857/1132/1305
f 916/1133/1272 875/1134/1308 877/1135/1273
f 828/963/1315 954/1136/1316 890/964/1317
f 890/964/1317 953/1137/1318 888/1029/1319
f 888/1029/1319 952/1138/1320 886/1030/1321
f 886/1030/1321 951/1139/1322 884/1028/1323
f 884/1028/1323 950/1140/1324 882/1026/1325
f 882/1026/1325 949/1141/1326 880/1024/1327
f 880/1024/1327 948/1142/1328 878/1021/1329
f 878/1143/1329 947/1144/1330 876/1018/1331
f 876/1145/1331 946/1146/1332 874/1015/1333
f 874/1147/1333 945/1148/1334 872/1012/1335
f 872/1149/1335 944/1150/1336 870/1010/1337
f 870/1010/1337 943/1151/1338 868/1008/1339
f 943/1151/1338 866/1006/1340 868/1008/1339
f 942/1152/1341 864/1004/1342 866/1006/1340
f 941/1153/1343 862/1000/1344 864/1004/1342
f 940/1154/1345 860/998/1346 862/1000/1344
f 860/998/1346 938/1155/1347 858/996/1348
f 858/996/1348 937/1156/1349 856/994/1350
f 856/994/1350 936/1157/1351 854/992/1352
f 854/992/1352 935/1158/1353 852/990/1354
f 935/1158/1353 850/988/1355 852/990/1354
f 934/1159/1356 848/985/1357 850/988/1355
f 933/1160/1358 846/986/1359 848/985/1357
f 932/1161/1360 844/983/1361 846/982/1359
f 931/1162/1362 842/980/1363 844/979/1361
f 930/1163/1364 840/977/1365 842/976/1363
f 929/1164/1366 838/973/1367 840/1165/1365
f 928/1166/1368 836/971/1369 838/1167/1367
f 927/1168/1370 834/966/1371 836/971/1369
f 926/1169/1372 832/967/1373 834/966/1371
f 925/1170/1374 830/1033/1375 832/967/1373
f 923/1171/1376 828/1034/1315 830/1033/1375
f 958/1172/1377 956/1173/1378 955/1174/1379
f 924/1175/1380 955/1174/1381 956/1173/1382
f 827/1098/1383 956/1173/1384 957/1176/1385
f 827/1098/1288 958/1172/1386 829/1096/1296
f 829/1096/1387 955/1174/1388 923/1171/1389
f 962/1177/1390 960/1178/1391 959/1179/1392
f 925/1170/1393 960/1178/1394 923/1180/1395
f 829/1117/1396 960/1178/1397 961/1181/1398
f 831/1116/1251 961/1181/1399 962/1177/1400
f 831/1116/1401 959/1179/1402 925/1170/1403
f 966/1182/1404 964/1183/1405 963/1184/1406
f 926/1169/1407 964/1183/1408 925/1170/1409
f 831/1040/1410 964/1183/1411 965/1185/1412
f 833/1041/1252 965/1185/1413 966/1182/1414
f 833/1041/1415 963/1184/1416 926/1169/1417
f 970/1186/1418 968/1187/1419 967/1188/1420
f 927/1168/1421 968/1187/1422 926/1169/1423
f 926/1169/1424 969/1189/1425 833/1064/1426
f 835/1065/1275 969/1189/1427 970/1186/1428
f 927/1168/1429 970/1186/1430 967/1188/1431
f 974/1190/1432 972/1191/1433 971/1192/1434
f 928/1166/1435 972/1191/1436 927/1168/1437
f 927/1168/1438 973/1193/1439 835/1088/1440
f 837/1089/1291 973/1193/1441 974/1190/1442
f 928/1166/1443 974/1190/1444 971/1192/1445
f 978/1194/1446 976/1195/1447 975/1196/1448
f 929/1164/1449 976/1195/1450 928/1197/1451
f 928/1197/1452 977/1198/1453 837/1108/1454
f 839/1109/1304 977/1198/1455 978/1194/1456
f 929/1164/1457 978/1194/1458 975/1196/1459
f 982/1199/1460 980/1200/1461 979/1201/1462
f 930/1163/1463 980/1200/1464 929/1202/1465
f 929/1202/1466 981/1203/1467 839/1128/1468
f 841/1129/1266 981/1203/1469 982/1199/1470
f 930/1163/1471 982/1199/1472 979/1201/1473
f 986/1204/1474 984/1205/1475 983/1206/1476
f 931/1162/1477 984/1205/1478 930/1207/1479
f 930/1207/1480 985/1208/1481 841/1055/1482
f 843/1056/1267 985/1208/1483 986/1204/1484
f 931/1162/1485 986/1204/1486 983/1206/1487
f 990/1209/1488 988/1210/1489 987/1211/1490
f 931/1212/1491 987/1211/1492 988/1210/1493
f 931/1212/1494 989/1213/1495 843/1076/1496
f 845/1077/1283 989/1213/1497 990/1209/1498
f 932/1161/1499 990/1209/1500 987/1211/1501
f 994/1214/1502 992/1215/1503 991/1216/1504
f 932/1217/1505 991/1216/1506 992/1215/1507
f 932/1217/1508 993/1218/1509 845/1101/1510
f 845/1101/1283 994/1214/1511 847/1099/1298
f 933/1160/1512 994/1214/1513 991/1216/1514
f 998/1219/1515 996/1220/1516 995/1221/1517
f 933/1160/1518 995/1221/1519 996/1220/1520
f 933/1160/1521 997/1222/1522 847/1120/1523
f 847/1120/1298 998/1219/1524 849/1118/1258
f 934/1159/1525 998/1219/1526 995/1221/1527
f 999/1223/1528 1001/1224/1529 1000/1225/1530
f 934/1159/1531 999/1223/1532 1000/1225/1533
f 934/1159/1534 1001/1224/1535 849/1047/1536
f 849/1047/1258 1002/1226/1537 851/1045/1256
f 935/1158/1538 1002/1226/1539 999/1223/1540
f 1003/1227/1541 1005/1228/1542 1004/1229/1543
f 935/1158/1544 1003/1227/1545 1004/1229/1546
f 935/1158/1547 1005/1228/1548 851/1068/1549
f 851/1068/1256 1006/1230/1550 853/1066/1276
f 936/1157/1551 1006/1230/1552 1003/1227/1553
f 1007/1231/1554 1009/1232/1555 1008/1233/1556
f 936/1157/1557 1007/1231/1558 1008/1233/1559
f 936/1157/1560 1009/1232/1561 853/1092/1562
f 853/1092/1276 1010/1234/1563 855/1090/1292
f 937/1156/1564 1010/1234/1565 1007/1231/1566
f 1011/1235/1567 1013/1236/1568 1012/1237/1569
f 937/1156/1570 1011/1235/1571 1012/1237/1572
f 937/1156/1573 1013/1236/1574 855/1112/1575
f 855/1112/1292 1014/1238/1576 857/1110/1305
f 857/1110/1577 1011/1235/1578 938/1239/1579
f 1015/1240/1580 1017/1241/1581 1016/1242/1582
f 938/1155/1583 1015/1240/1584 1016/1242/1585
f 857/1132/1586 1016/1242/1587 1017/1241/1588
f 857/1132/1305 1018/1243/1589 859/1130/1270
f 859/1130/1590 1015/1240/1591 939/1244/1592
f 1022/1245/1593 1020/1246/1594 1019/1247/1595
f 939/1248/1596 1019/1247/1597 1020/1246/1598
f 859/1059/1599 1020/1246/1600 1021/1249/1601
f 859/1059/1270 1022/1245/1602 861/1057/1268
f 861/1057/1603 1019/1247/1604 940/1154/1605
f 1026/1250/1606 1024/1251/1607 1023/1252/1608
f 941/1153/1609 1024/1251/1610 940/1253/1611
f 861/1080/1612 1024/1251/1613 1025/1254/1614
f 863/1078/1284 1025/1254/1615 1026/1250/1616
f 863/1078/1617 1023/1252/1618 941/1153/1619
f 1030/1255/1620 1028/1256/1621 1027/1257/1622
f 942/1152/1623 1028/1256/1624 941/1153/1625
f 863/1103/1626 1028/1256/1627 1029/1258/1628
f 865/1104/1300 1029/1258/1629 1030/1255/1630
f 865/1104/1631 1027/1257/1632 942/1152/1633
f 1034/1259/1634 1032/1260/1635 1031/1261/1636
f 943/1151/1637 1032/1260/1638 942/1152/1639
f 942/1152/1640 1033/1262/1641 865/1122/1642
f 867/1123/1260 1033/1262/1643 1034/1259/1644
f 943/1151/1645 1034/1259/1646 1031/1261/1647
f 1038/1263/1648 1036/1264/1649 1035/1265/1650
f 944/1150/1651 1036/1264/1652 943/1151/1653
f 943/1151/1654 1037/1266/1655 867/1049/1656
f 869/1050/1261 1037/1266/1657 1038/1263/1658
f 944/1150/1659 1038/1263/1660 1035/1265/1661
f 1039/1267/1662 1041/1268/1663 1040/1269/1664
f 945/1270/1665 1040/1269/1666 944/1150/1667
f 944/1150/1668 1041/1268/1669 869/1070/1670
f 871/1071/1279 1041/1268/1671 1042/1271/1672
f 945/1270/1673 1042/1271/1674 1039/1267/1675
f 1043/1272/1676 1045/1273/1677 1044/1274/1678
f 946/1275/1679 1044/1274/1680 945/1148/1681
f 945/1148/1682 1045/1273/1683 871/1094/1684
f 873/1095/1295 1045/1273/1685 1046/1276/1686
f 946/1275/1687 1046/1276/1688 1043/1272/1689
f 1047/1277/1690 1049/1278/1691 1048/1279/1692
f 947/1280/1693 1048/1279/1694 946/1146/1695
f 946/1146/1696 1049/1278/1697 873/1114/1698
f 875/1115/1308 1049/1278/1699 1050/1281/1700
f 947/1280/1701 1050/1281/1702 1047/1277/1703
f 1051/1282/1704 1053/1283/1705 1052/1284/1706
f 948/1285/1707 1052/1284/1708 947/1144/1709
f 947/1144/1710 1053/1283/1711 875/1134/1712
f 877/1135/1273 1053/1283/1713 1054/1286/1714
f 948/1285/1715 1054/1286/1716 1051/1282/1717
f 1055/1287/1718 1057/1288/1719 1056/1289/1720
f 948/1142/1721 1055/1287/1722 1056/1289/1723
f 948/1142/1724 1057/1288/1725 877/1062/1726
f 877/1062/1273 1058/1290/1727 879/1060/1271
f 949/1141/1728 1058/1290/1729 1055/1287/1730
f 1059/1291/1731 1061/1292/1732 1060/1293/1733
f 949/1141/1734 1059/1291/1735 1060/1293/1736
f 949/1141/1737 1061/1292/1738 879/1083/1739
f 879/1083/1271 1062/1294/1740 881/1081/1286
f 950/1140/1741 1062/1294/1742 1059/1291/1743
f 1063/1295/1744 1065/1296/1745 1064/1297/1746
f 950/1140/1747 1063/1295/1748 1064/1297/1749
f 950/1140/1750 1065/1296/1751 881/1106/1752
f 881/1106/1286 1066/1298/1753 883/1105/1301
f 951/1139/1754 1066/1298/1755 1063/1295/1756
f 1067/1299/1757 1069/1300/1758 1068/1301/1759
f 951/1139/1760 1067/1299/1761 1068/1301/1762
f 951/1139/1763 1069/1300/1764 883/1126/1765
f 883/1126/1301 1070/1302/1766 885/1124/1264
f 952/1138/1767 1070/1302/1768 1067/1299/1769
f 1071/1303/1770 1073/1304/1771 1072/1305/1772
f 952/1138/1773 1071/1303/1774 1072/1305/1775
f 952/1138/1776 1073/1304/1777 885/1053/1778
f 885/1053/1264 1074/1306/1779 887/1051/1262
f 953/1137/1780 1074/1306/1781 1071/1303/1782
f 1075/1307/1783 1077/1308/1784 1076/1309/1785
f 953/1137/1786 1075/1307/1787 1076/1309/1788
f 953/1137/1789 1077/1308/1790 887/1074/1791
f 887/1074/1262 1078/1310/1792 889/1072/1280
f 889/1072/1793 1075/1307/1794 954/1311/1795
f 1079/1312/1796 1081/1313/1797 1080/1314/1798
f 954/1136/1799 1079/1312/1800 1080/1314/1801
f 889/1086/1802 1080/1314/1803 1081/1313/1804
f 889/1086/1280 1082/1315/1805 827/1084/1288
f 827/1084/1806 1079/1312/1807 924/1316/1808
f 1120/1317/1809 1183/1318/1810 1119/1319/1811
f 1146/1320/1812 1209/1321/1813 1145/1322/1814
f 624/1323/1815 1105/1324/1816 1104/1325/1817
f 920/1326/1818 1143/1327/1254 919/1125/1819
f 894/1039/1820 1117/1328/1821 893/1329/627
f 625/1330/1822 1106/1331/1823 1105/1332/1816
f 921/1333/1824 1144/1334/1825 920/1052/1818
f 895/1063/1826 1118/1335/1827 894/1336/1820
f 626/759/1828 1107/1337/1829 1106/1338/1823
f 922/1339/1830 1145/1322/1814 921/1073/1824
f 627/780/1831 1108/1340/1832 1107/1341/1829
f 896/1087/1833 1119/1319/1811 895/1342/1826
f 891/1343/1834 1146/1344/1812 922/1085/1830
f 897/1107/1835 1120/1345/1809 896/1346/1833
f 628/705/1836 1109/1347/1837 1108/1348/1832
f 898/1127/1838 1121/1349/1839 897/1350/1835
f 629/726/1840 1110/1351/1841 1109/1352/1837
f 603/1353/1842 1084/1354/1843 1083/1355/1844
f 899/1054/1845 1122/1356/1846 898/1357/1838
f 630/750/1847 1111/1358/1848 1110/1359/1841
f 604/1360/1849 1085/1361/1850 1084/1362/1843
f 900/1075/1851 1123/1363/1852 899/1364/1845
f 631/771/1853 1112/1365/1854 1111/1366/1848
f 605/1367/1855 1086/1368/1856 1085/1369/1850
f 901/1370/1857 1124/1371/1858 900/1100/1851
f 632/696/1859 1113/1372/1860 1112/1373/1854
f 606/1374/1861 1087/1375/1862 1086/1376/1856
f 902/1377/1863 1125/1378/1864 901/1119/1857
f 633/1379/1865 1114/1380/1866 1113/1381/1860
f 608/731/1867 1087/1382/1862 607/1383/1868
f 902/1046/1863 1127/1384/1869 1126/1385/1870
f 634/1386/1871 1083/1387/1844 1114/1388/1866
f 609/752/1872 1088/1389/1873 608/1390/1867
f 903/1067/1874 1128/1391/1875 1127/1392/1869
f 610/773/1876 1089/1393/1877 609/1394/1872
f 904/1091/1878 1129/1395/1879 1128/1396/1875
f 611/1397/1880 1090/1398/1881 610/699/1876
f 905/1111/1882 1130/1399/1883 1129/1400/1879
f 612/1401/1884 1091/1402/1885 611/720/1880
f 906/1131/1886 1131/1403/1887 1130/1404/1883
f 613/1405/1888 1092/1406/1889 612/744/1884
f 907/1058/1890 1132/1407/1891 1131/1408/1887
f 614/1409/1892 1093/1410/1893 613/765/1888
f 908/1079/1894 1133/1411/1895 1132/1412/1891
f 615/1413/1896 1094/1414/1897 614/690/1892
f 909/1415/1898 1134/1416/1899 1133/1417/1895
f 616/1418/1900 1095/1419/1901 615/711/1896
f 910/1420/1902 1135/1421/1903 1134/1422/1899
f 617/1423/1904 1096/1424/1905 616/735/1900
f 911/1425/1906 1136/1426/1907 1135/1427/1903
f 618/755/1908 1097/1428/1909 617/1429/1904
f 912/1430/1910 1137/1431/1911 1136/1432/1907
f 619/776/1912 1098/1433/1913 618/1434/1908
f 913/1435/1914 1138/1436/1915 1137/1437/1911
f 620/701/1916 1099/1438/1917 619/1439/1912
f 914/1440/1918 1139/1441/1919 1138/1442/1915
f 621/722/1920 1100/1443/1921 620/1444/1916
f 915/1445/1922 1140/1446/1923 1139/1447/1919
f 622/746/1924 1101/1448/1925 621/1449/1920
f 916/1061/1926 1141/1450/1927 1140/1451/1923
f 623/767/1928 1102/1452/1929 622/1453/1924
f 917/1082/1930 1142/1454/1255 1141/1455/1927
f 892/1456/629 1115/1457/1931 891/1097/1834
f 624/692/1815 1103/1458/1932 623/1459/1928
f 1177/1460/1933 1178/1461/1934 1161/1462/1935
f 1209/1463/1936 1210/1464/1937 1199/1465/1938
f 1094/1466/1897 1157/1467/1939 1093/1410/1893
f 1115/1468/1931 1210/1469/1940 1146/1344/1812
f 1121/1470/1839 1184/1471/1941 1120/1345/1809
f 1095/1472/1901 1158/1473/1942 1094/1414/1897
f 1122/1474/1846 1185/1475/1943 1121/1349/1839
f 1096/1476/1905 1159/1477/1944 1095/1419/1901
f 1123/1478/1852 1186/1479/1945 1122/1356/1846
f 1097/1480/1909 1160/1481/1946 1096/1424/1905
f 1124/1482/1858 1187/1483/1947 1123/1363/1852
f 1098/1484/1913 1161/1485/1948 1097/1428/1909
f 1125/1486/1864 1188/1487/1949 1124/1371/1858
f 1099/1488/1917 1162/1489/1950 1098/1433/1913
f 1126/1490/1870 1189/1491/1951 1125/1378/1864
f 1100/1492/1921 1163/1493/1952 1099/1438/1917
f 1126/1385/1870 1191/1494/1953 1190/1495/1954
f 1101/1496/1925 1164/1497/1955 1100/1443/1921
f 1127/1392/1869 1192/1498/1956 1191/1499/1953
f 1102/1500/1929 1165/1501/1957 1101/1448/1925
f 1128/1396/1875 1193/1502/1958 1192/1503/1956
f 1103/1504/1932 1166/1505/1959 1102/1452/1929
f 1129/1400/1879 1194/1506/1960 1193/1507/1958
f 1104/1508/1817 1167/1509/1961 1103/1458/1932
f 1130/1404/1883 1195/1510/1962 1194/1511/1960
f 1104/1325/1817 1169/1512/1963 1168/1513/1964
f 1131/1408/1887 1196/1514/1965 1195/1515/1962
f 1105/1332/1816 1170/1516/1966 1169/1517/1963
f 1132/1412/1891 1197/1518/1967 1196/1519/1965
f 1106/1338/1823 1171/1520/1968 1170/1521/1966
f 1133/1417/1895 1198/1522/1969 1197/1523/1967
f 1107/1341/1829 1172/1524/1970 1171/1525/1968
f 1134/1422/1899 1199/1526/1971 1198/1527/1969
f 1108/1348/1832 1173/1528/1972 1172/1529/1970
f 1135/1427/1903 1200/1530/1973 1199/1531/1971
f 1109/1352/1837 1174/1532/1974 1173/1533/1972
f 1083/1355/1844 1148/1534/1975 1147/1535/1976
f 1136/1432/1907 1201/1536/1977 1200/1537/1973
f 1110/1359/1841 1175/1538/1978 1174/1539/1974
f 1084/1362/1843 1149/1540/1979 1148/1541/1975
f 1137/1437/1911 1202/1542/1980 1201/1543/1977
f 1111/1366/1848 1176/1544/1981 1175/1545/1978
f 1085/1369/1850 1150/1546/1982 1149/1547/1979
f 1138/1442/1915 1203/1548/1983 1202/1549/1980
f 1112/1373/1854 1177/1550/1984 1176/1551/1981
f 1086/1376/1856 1151/1552/1985 1150/1553/1982
f 1139/1447/1919 1204/1554/1986 1203/1555/1983
f 1113/1381/1860 1178/1556/1987 1177/1557/1984
f 1088/1558/1873 1151/1559/1985 1087/1382/1862
f 1140/1451/1923 1205/1560/1988 1204/1561/1986
f 1114/1388/1866 1147/1562/1976 1178/1563/1987
f 1089/1564/1877 1152/1565/1989 1088/1389/1873
f 1141/1455/1927 1206/1566/1990 1205/1567/1988
f 1116/1568/628 1179/1569/1991 1115/1457/1931
f 1090/1570/1881 1153/1571/1992 1089/1393/1877
f 1142/1044/1255 1207/1572/1993 1206/1573/1990
f 1117/1574/1821 1180/1575/1994 1116/687/628
f 1091/1576/1885 1154/1577/1995 1090/1398/1881
f 1144/1578/1825 1207/1579/1993 1143/1327/1254
f 1118/1580/1827 1181/1581/1996 1117/1328/1821
f 1092/1582/1889 1155/1583/1997 1091/1402/1885
f 1145/1584/1814 1208/1585/1998 1144/1334/1825
f 1119/1586/1811 1182/1587/1999 1118/1335/1827
f 1093/1588/1893 1156/1589/2000 1092/1406/1889
f 1275/1590/2001 1214/1591/2002 1276/1592/2003
f 1276/1592/2003 1216/1593/2004 1277/1594/2005
f 1277/1594/2005 1218/1595/2006 1278/1596/2007
f 1278/1596/2007 1220/1597/2008 1279/1598/2009
f 1279/1598/2009 1222/1599/2010 1280/1600/2011
f 1280/1600/2011 1224/1601/2012 1281/1602/2012
f 1281/1602/2012 1226/1603/2013 1282/1604/2014
f 1282/1604/2014 1228/1605/2015 1283/1606/2015
f 1283/1606/2015 1230/1607/2016 1284/1608/2017
f 1284/1608/2017 1232/1609/2018 1285/1610/2019
f 1285/1610/2019 1234/1611/2020 1286/1612/2021
f 1286/1612/2021 1236/1613/2022 1287/1614/2023
f 1287/1614/2023 1238/1615/2024 1288/1616/2025
f 1288/1616/2025 1240/1617/2026 1289/1618/2027
f 1289/1618/2027 1242/1619/2028 1290/1620/2029
f 1290/1620/2029 1244/1621/2030 1291/1622/2030
f 1244/1621/2030 1292/1623/2031 1291/1622/2030
f 1246/1624/2032 1293/1625/2033 1292/1623/2031
f 1248/1626/2034 1294/1627/2035 1293/1625/2033
f 1250/1628/2036 1295/1629/2037 1294/1627/2035
f 1252/1630/2038 1296/1631/2039 1295/1629/2037
f 1254/1632/2040 1297/1633/2041 1296/1631/2039
f 1256/1634/2042 1298/1635/2043 1297/1633/2041
f 1258/1636/2044 1299/1637/2045 1298/1635/2043
f 1260/1638/2045 1300/1639/2046 1299/1637/2045
f 1262/1640/2047 1301/1641/2048 1300/1639/2046
f 1264/1642/2048 1302/1643/2049 1301/1641/2048
f 1266/1644/2050 1303/1645/2051 1302/1643/2049
f 1268/1646/2052 1304/1647/2053 1303/1645/2051
f 1270/1648/2054 1305/1649/2055 1304/1647/2053
f 1220/1650/2056 1218/1651/2056 1236/1652/2056
f 1272/1653/2057 1306/1654/2058 1305/1649/2055
f 1274/1655/2058 1275/1656/2001 1306/1654/2058
f 1269/1657/2059 1271/1658/2059 1249/1659/2059
f 1305/1649/2060 1337/1660/2061 1336/1661/2060
f 1304/1647/2062 1336/1661/2060 1335/1662/2062
f 1303/1645/2063 1335/1662/2062 1334/1663/2063
f 1302/1643/2064 1334/1663/2063 1333/1664/2064
f 1301/1641/2065 1333/1664/2064 1332/1665/2065
f 1300/1639/2066 1332/1665/2065 1331/1666/2066
f 1299/1637/160 1331/1666/2066 1330/1667/160
f 1298/1635/2067 1330/1667/160 1329/1668/2067
f 1297/1633/2068 1329/1668/2067 1328/1669/2068
f 1296/1631/2069 1328/1669/2068 1327/1670/2069
f 1295/1629/2070 1327/1670/2069 1326/1671/2070
f 1294/1627/2071 1326/1671/2070 1325/1672/2071
f 1293/1625/2072 1325/1672/2071 1324/1673/2072
f 1292/1623/2073 1324/1673/2072 1323/1674/2073
f 1291/1622/2074 1323/1674/2073 1322/1675/2074
f 1291/1622/2074 1321/1676/2075 1290/1620/2075
f 1290/1620/2075 1320/1677/2076 1289/1618/2076
f 1289/1618/2076 1319/1678/2077 1288/1616/2077
f 1288/1616/2077 1318/1679/2078 1287/1614/2078
f 1287/1614/2078 1317/1680/2079 1286/1612/2079
f 1286/1612/2079 1316/1681/2080 1285/1610/2080
f 1285/1610/2080 1315/1682/2081 1284/1608/2081
f 1284/1608/2081 1314/1683/390 1283/1606/390
f 1283/1606/390 1313/1684/2082 1282/1604/2082
f 1282/1604/2082 1312/1685/2083 1281/1602/2083
f 1281/1602/2083 1311/1686/2084 1280/1600/2084
f 1280/1600/2084 1310/1687/2085 1279/1598/2085
f 1279/1598/2085 1309/1688/2086 1278/1596/2086
f 1278/1596/2086 1308/1689/2087 1277/1594/2087
f 1277/1594/2087 1307/1690/2088 1276/1592/2088
f 1338/1691/2089 1276/1592/2088 1307/1690/2088
f 1211/1692/2090 1307/1690/2091 1213/1693/2092
f 1213/1693/2092 1308/1689/2093 1215/1694/2094
f 1215/1694/2094 1309/1688/2095 1217/1695/2096
f 1217/1695/2096 1310/1687/2097 1219/1696/2098
f 1219/1696/2098 1311/1686/2099 1221/1697/2100
f 1221/1697/2100 1312/1685/2101 1223/1698/2102
f 1223/1698/2102 1313/1684/2103 1225/1699/2104
f 1225/1699/2104 1314/1683/2105 1227/1700/2105
f 1227/1700/2105 1315/1682/2106 1229/1701/2107
f 1229/1701/2107 1316/1681/2108 1231/1702/2108
f 1231/1702/2108 1317/1680/2109 1233/1703/2110
f 1233/1703/2110 1318/1679/2111 1235/1704/2112
f 1235/1704/2112 1319/1678/2113 1237/1705/2114
f 1237/1705/2114 1320/1677/2115 1239/1706/2116
f 1239/1706/2116 1321/1676/2117 1241/1707/2117
f 1241/1707/2117 1322/1675/2118 1243/1708/2118
f 1322/1675/2118 1245/1709/2119 1243/1708/2118
f 1323/1674/2120 1247/1710/2121 1245/1709/2119
f 1324/1673/2122 1249/1711/2123 1247/1710/2121
f 1325/1672/2124 1251/1712/2125 1249/1711/2123
f 1326/1671/2126 1253/1713/2127 1251/1712/2125
f 1327/1670/2128 1255/1714/2129 1253/1713/2127
f 1328/1669/2129 1257/1715/2130 1255/1714/2129
f 1329/1668/2131 1259/1716/2132 1257/1715/2130
f 1330/1667/2132 1261/1717/2133 1259/1716/2132
f 1331/1666/2134 1263/1718/2135 1261/1717/2133
f 1332/1665/2136 1265/1719/2137 1263/1718/2135
f 1333/1664/2138 1267/1720/2139 1265/1719/2137
f 1334/1663/2140 1269/1721/2141 1267/1720/2139
f 1335/1662/2142 1271/1722/2143 1269/1721/2141
f 1336/1661/2144 1273/1723/2145 1271/1722/2143
f 1337/1660/2146 1211/1724/2090 1273/1723/2145
f 1306/1654/2061 1338/1725/2089 1337/1660/2061
f 456/1/1 503/68/69 500/2/2
f 3/10/10 12/47/46 13/11/11
f 466/13/13 465/4/4 6/6/6
f 4/12/12 13/11/11 14/15/15
f 1/17/17 466/13/13 7/14/14
f 469/16/16 14/15/15 15/19/19
f 467/21/21 1/17/17 8/18/18
f 470/23/23 5/20/20 15/19/19
f 467/21/21 9/22/22 10/25/25
f 470/23/23 16/24/24 17/27/27
f 468/29/29 2/26/26 10/25/25
f 471/28/28 17/27/27 18/31/31
f 67/33/33 488/43/2147 485/34/34
f 472/32/32 18/31/31 19/9/9
f 18/31/31 17/27/27 31/36/36
f 429/38/38 415/535/555 496/39/39
f 18/31/31 32/37/37 33/41/41
f 67/33/42 68/131/552 489/42/43
f 12/47/46 26/72/71 27/48/47
f 6/6/6 20/45/45 21/49/48
f 13/11/11 27/48/47 28/50/49
f 7/14/14 21/49/48 22/51/50
f 15/19/19 14/15/15 28/50/49
f 8/18/18 22/51/50 23/53/52
f 16/24/24 15/19/19 29/52/51
f 9/22/22 23/53/52 24/55/54
f 17/27/27 16/24/24 30/54/53
f 10/25/25 24/55/54 25/56/55
f 29/52/51 28/50/49 42/57/56
f 22/51/50 36/75/74 37/59/58
f 30/54/53 29/52/51 43/58/57
f 23/53/52 37/59/58 38/61/60
f 31/36/36 30/54/53 44/60/59
f 24/55/54 38/61/60 39/63/62
f 32/37/37 31/36/36 45/62/61
f 3/10/64 457/531/474 505/65/65
f 33/41/41 32/37/37 46/64/63
f 468/29/68 506/506/449 503/68/69
f 26/72/71 40/83/81 41/73/72
f 20/45/45 34/70/70 35/74/73
f 27/48/47 41/73/72 42/57/56
f 21/49/48 35/74/73 36/75/74
f 47/67/67 46/64/63 60/76/75
f 11/30/77 25/56/518 479/78/78
f 40/83/81 54/107/108 55/84/82
f 34/70/70 48/81/80 49/85/83
f 41/73/72 55/84/82 56/86/84
f 35/74/73 49/85/83 50/87/85
f 43/58/57 42/57/56 56/86/84
f 36/75/74 50/87/85 51/89/87
f 43/58/57 57/88/86 58/90/88
f 38/61/60 37/59/58 51/89/87
f 45/62/61 44/60/59 58/90/88
f 38/61/60 52/91/89 53/35/91
f 46/64/63 45/62/61 59/92/90
f 26/72/92 481/605/551 484/93/93
f 50/87/85 64/111/112 65/94/95
f 57/88/86 72/112/113 73/95/96
f 52/91/89 51/89/87 65/94/95
f 59/92/90 58/90/88 73/95/96
f 52/91/89 66/96/97 67/33/99
f 59/92/90 74/97/98 75/98/100
f 3/10/64 475/66/66 478/99/101
f 60/76/75 75/98/100 76/100/103
f 399/101/104 414/519/508 494/102/105
f 54/107/108 69/113/114 70/108/109
f 49/85/83 48/81/80 62/105/107
f 55/84/82 70/108/109 71/110/111
f 50/87/85 49/85/83 63/109/110
f 57/88/86 56/86/84 71/110/111
f 69/113/114 68/131/130 84/114/115
f 69/113/114 85/115/116 86/120/119
f 62/105/107 78/117/117 79/121/120
f 70/108/109 86/120/119 87/122/121
f 63/109/110 79/121/120 80/123/122
f 72/112/113 71/110/111 87/122/121
f 64/111/112 80/123/122 81/125/124
f 72/112/113 88/124/123 89/126/125
f 66/96/97 65/94/95 81/125/124
f 74/97/98 73/95/96 89/126/125
f 66/96/97 82/127/126 83/129/128
f 75/98/100 74/97/98 90/128/127
f 68/131/130 67/33/99 83/129/128
f 76/100/103 75/98/100 91/130/129
f 88/124/123 103/148/145 104/132/131
f 82/127/126 81/125/124 96/133/132
f 90/128/127 89/126/125 104/132/131
f 82/127/126 97/134/133 98/136/135
f 90/128/127 105/135/134 106/137/136
f 84/114/115 83/129/128 98/136/135
f 91/130/129 106/137/136 107/139/138
f 85/115/116 84/114/115 99/138/137
f 85/115/116 100/140/139 101/144/141
f 78/117/117 93/142/140 94/145/142
f 86/120/119 101/144/141 102/146/143
f 80/123/122 79/121/120 94/145/142
f 88/124/123 87/122/121 102/146/143
f 80/123/122 95/147/144 96/133/132
f 100/140/139 115/165/160 116/153/148
f 93/142/140 108/150/146 109/154/149
f 101/144/141 116/153/148 117/155/150
f 94/145/142 109/154/149 110/156/151
f 103/148/145 102/146/143 117/155/150
f 95/147/144 110/156/151 111/158/153
f 103/148/145 118/157/152 119/159/154
f 97/134/133 96/133/132 111/158/153
f 105/135/134 104/132/131 119/159/154
f 97/134/133 112/160/155 113/162/157
f 106/137/136 105/135/134 120/161/156
f 99/138/137 98/136/135 113/162/157
f 106/137/136 121/163/158 122/152/147
f 100/140/139 99/138/137 114/164/159
f 112/160/155 111/158/153 126/166/161
f 120/161/156 119/159/154 134/168/163
f 112/160/155 127/167/162 128/170/165
f 120/161/156 135/169/164 136/171/166
f 114/164/159 113/162/157 128/170/165
f 121/163/158 136/171/166 137/173/168
f 115/165/160 114/164/159 129/172/167
f 115/165/160 130/174/169 131/178/171
f 109/154/149 108/150/146 123/176/170
f 116/153/148 131/178/171 132/180/173
f 110/156/151 109/154/149 124/179/172
f 118/157/152 117/155/150 132/180/173
f 110/156/151 125/181/174 126/166/161
f 118/157/152 133/182/175 134/168/163
f 130/174/169 145/196/189 146/183/176
f 123/176/170 138/198/190 139/184/177
f 131/178/171 146/183/176 147/185/178
f 124/179/172 139/184/177 140/186/179
f 133/182/175 132/180/173 147/185/178
f 125/181/174 140/186/179 141/188/181
f 133/182/175 148/187/180 149/189/182
f 127/167/162 126/166/161 141/188/181
f 135/169/164 134/168/163 149/189/182
f 127/167/162 142/190/183 143/192/185
f 136/171/166 135/169/164 150/191/184
f 129/172/167 128/170/165 143/192/185
f 136/171/166 151/193/186 152/195/188
f 130/174/169 129/172/167 144/194/187
f 150/191/184 149/189/182 164/200/191
f 142/190/183 157/216/205 158/202/193
f 151/193/186 150/191/184 165/201/192
f 144/194/187 143/192/185 158/202/193
f 152/195/188 151/193/186 166/203/194
f 145/196/189 144/194/187 159/204/195
f 145/196/189 160/206/197 161/210/199
f 138/198/190 153/208/198 154/211/200
f 146/183/176 161/210/199 162/212/201
f 139/184/177 154/211/200 155/213/202
f 148/187/180 147/185/178 162/212/201
f 140/186/179 155/213/202 156/215/204
f 148/187/180 163/214/203 164/200/191
f 142/190/183 141/188/181 156/215/204
f 161/210/199 176/232/219 177/217/206
f 154/211/200 169/233/220 170/218/207
f 163/214/203 162/212/201 177/217/206
f 155/213/202 170/218/207 171/220/209
f 163/214/203 178/219/208 179/221/210
f 157/216/205 156/215/204 171/220/209
f 165/201/192 164/200/191 179/221/210
f 157/216/205 172/222/211 173/224/213
f 166/203/194 165/201/192 180/223/212
f 159/204/195 158/202/193 173/224/213
f 167/205/196 166/203/194 181/225/214
f 160/206/197 159/204/195 174/226/215
f 160/206/197 175/228/217 176/232/219
f 153/208/198 168/230/218 169/233/220
f 180/223/212 195/250/235 196/234/221
f 174/226/215 173/224/213 188/235/222
f 181/225/214 196/234/221 197/237/224
f 175/228/217 174/226/215 189/236/223
f 175/228/217 190/238/225 191/242/227
f 169/233/220 168/230/218 183/240/226
f 176/232/219 191/242/227 192/244/229
f 170/218/207 169/233/220 184/243/228
f 178/219/208 177/217/206 192/244/229
f 170/218/207 185/245/230 186/247/232
f 178/219/208 193/246/231 194/248/233
f 172/222/211 171/220/209 186/247/232
f 180/223/212 179/221/210 194/248/233
f 172/222/211 187/249/234 188/235/222
f 184/243/228 199/267/250 200/251/236
f 193/246/231 192/244/229 207/252/237
f 185/245/230 200/251/236 201/254/239
f 193/246/231 208/253/238 209/255/240
f 187/249/234 186/247/232 201/254/239
f 195/250/235 194/248/233 209/255/240
f 187/249/234 202/256/241 203/258/243
f 196/234/221 195/250/235 210/257/242
f 189/236/223 188/235/222 203/258/243
f 197/237/224 196/234/221 211/259/244
f 190/238/225 189/236/223 204/260/245
f 190/238/225 205/262/247 206/266/249
f 183/240/226 198/264/248 199/267/250
f 191/242/227 206/266/249 207/252/237
f 204/260/245 203/258/243 218/268/251
f 212/261/246 211/259/244 226/270/253
f 205/262/247 204/260/245 219/269/252
f 205/262/247 220/272/255 221/276/257
f 198/264/248 213/274/256 214/277/258
f 206/266/249 221/276/257 222/278/259
f 199/267/250 214/277/258 215/279/260
f 208/253/238 207/252/237 222/278/259
f 200/251/236 215/279/260 216/281/262
f 208/253/238 223/280/261 224/282/263
f 202/256/241 201/254/239 216/281/262
f 210/257/242 209/255/240 224/282/263
f 202/256/241 217/283/264 218/268/251
f 211/259/244 210/257/242 225/284/265
f 223/280/261 222/278/259 237/285/266
f 215/279/260 230/301/280 231/287/268
f 223/280/261 238/286/267 239/288/269
f 217/283/264 216/281/262 231/287/268
f 225/284/265 224/282/263 239/288/269
f 217/283/264 232/289/270 233/291/272
f 226/270/253 225/284/265 240/290/271
f 219/269/252 218/268/251 233/291/272
f 226/270/253 241/292/273 242/294/275
f 220/272/255 219/269/252 234/293/274
f 220/272/255 235/295/276 236/299/278
f 214/277/258 213/274/256 228/297/277
f 221/276/257 236/299/278 237/285/266
f 214/277/258 229/300/279 230/301/280
f 241/292/273 256/318/295 257/302/281
f 235/295/276 234/293/274 249/303/282
f 235/295/276 250/304/283 251/308/285
f 229/300/279 228/297/277 243/306/284
f 236/299/278 251/308/285 252/310/287
f 230/301/280 229/300/279 244/309/286
f 238/286/267 237/285/266 252/310/287
f 230/301/280 245/311/288 246/313/290
f 238/286/267 253/312/289 254/314/291
f 232/289/270 231/287/268 246/313/290
f 240/290/271 239/288/269 254/314/291
f 232/289/270 247/315/292 248/317/294
f 240/290/271 255/316/293 256/318/295
f 234/293/274 233/291/272 248/317/294
f 245/311/288 260/334/309 261/319/296
f 253/312/289 268/335/310 269/320/297
f 247/315/292 246/313/290 261/319/296
f 255/316/293 254/314/291 269/320/297
f 247/315/292 262/321/298 263/323/300
f 256/318/295 255/316/293 270/322/299
f 249/303/282 248/317/294 263/323/300
f 256/318/295 271/324/301 272/326/303
f 250/304/283 249/303/282 264/325/302
f 250/304/283 265/327/304 266/331/306
f 244/309/286 243/306/284 258/329/305
f 251/308/285 266/331/306 267/333/308
f 244/309/286 259/332/307 260/334/309
f 253/312/289 252/310/287 267/333/308
f 265/327/304 264/325/302 279/336/311
f 265/327/304 280/337/312 281/342/315
f 258/329/305 273/339/313 274/343/316
f 266/331/306 281/342/315 282/344/317
f 259/332/307 274/343/316 275/345/318
f 268/335/310 267/333/308 282/344/317
f 260/334/309 275/345/318 276/347/320
f 268/335/310 283/346/319 284/348/321
f 262/321/298 261/319/296 276/347/320
f 270/322/299 269/320/297 284/348/321
f 262/321/298 277/349/322 278/351/324
f 270/322/299 285/350/323 286/352/325
f 264/325/302 263/323/300 278/351/324
f 271/324/301 286/352/325 287/341/314
f 283/346/319 298/369/340 299/353/326
f 277/349/322 276/347/320 291/354/327
f 285/350/323 284/348/321 299/353/326
f 277/349/322 292/355/328 293/357/330
f 285/350/323 300/356/329 301/358/331
f 279/336/311 278/351/324 293/357/330
f 287/341/314 286/352/325 301/358/331
f 280/337/312 279/336/311 294/359/332
f 280/337/312 295/361/334 296/365/336
f 273/339/313 288/363/335 289/366/337
f 281/342/315 296/365/336 297/367/338
f 275/345/318 274/343/316 289/366/337
f 283/346/319 282/344/317 297/367/338
f 275/345/318 290/368/339 291/354/327
f 295/361/334 311/385/355 312/372/342
f 289/366/337 288/363/335 304/373/343
f 296/365/336 312/372/342 313/375/345
f 290/368/339 289/366/337 305/374/344
f 298/369/340 297/367/338 313/375/345
f 290/368/339 306/376/346 307/378/348
f 298/369/340 314/377/347 315/379/349
f 292/355/328 291/354/327 307/378/348
f 300/356/329 299/353/326 315/379/349
f 292/355/328 308/380/350 309/382/352
f 300/356/329 316/381/351 317/383/353
f 294/359/332 293/357/330 309/382/352
f 301/358/331 317/383/353 318/371/341
f 295/361/334 294/359/332 310/384/354
f 316/381/351 315/379/349 330/387/356
f 308/380/350 323/403/370 324/389/358
f 316/381/351 331/388/357 332/390/359
f 310/384/354 309/382/352 324/389/358
f 318/371/341 317/383/353 332/390/359
f 311/385/355 310/384/354 325/391/360
f 311/385/355 326/393/362 327/397/364
f 304/373/343 319/395/363 320/398/365
f 312/372/342 327/397/364 328/399/366
f 305/374/344 320/398/365 321/400/367
f 314/377/347 313/375/345 328/399/366
f 306/376/346 321/400/367 322/402/369
f 314/377/347 329/401/368 330/387/356
f 308/380/350 307/378/348 322/402/369
f 319/395/363 334/418/384 335/404/371
f 327/397/364 342/420/385 343/405/372
f 321/400/367 320/398/365 335/404/371
f 329/401/368 328/399/366 343/405/372
f 321/400/367 336/406/373 337/408/375
f 329/401/368 344/407/374 345/409/376
f 323/403/370 322/402/369 337/408/375
f 331/388/357 330/387/356 345/409/376
f 323/403/370 338/410/377 339/412/379
f 331/388/357 346/411/378 347/413/380
f 325/391/360 324/389/358 339/412/379
f 333/392/361 332/390/359 347/413/380
f 326/393/362 325/391/360 340/414/381
f 326/393/362 341/416/383 342/420/385
f 338/410/377 353/436/399 354/421/386
f 346/411/378 361/437/400 362/422/387
f 340/414/381 339/412/379 354/421/386
f 348/415/382 347/413/380 362/422/387
f 341/416/383 340/414/381 355/423/388
f 341/416/383 356/425/390 357/429/392
f 334/418/384 349/427/391 350/430/393
f 342/420/385 357/429/392 358/431/394
f 336/406/373 335/404/371 350/430/393
f 344/407/374 343/405/372 358/431/394
f 336/406/373 351/432/395 352/434/397
f 344/407/374 359/433/396 360/435/398
f 338/410/377 337/408/375 352/434/397
f 346/411/378 345/409/376 360/435/398
f 357/438/392 372/468/415 373/439/401
f 351/441/395 350/469/393 365/442/402
f 359/444/396 358/440/394 373/439/401
f 351/441/395 366/443/403 367/446/405
f 359/444/396 374/445/404 375/448/406
f 353/450/399 352/447/397 367/446/405
f 361/452/400 360/449/398 375/448/406
f 353/450/399 368/451/407 369/454/409
f 361/452/400 376/453/408 377/456/410
f 355/458/388 354/455/386 369/454/409
f 362/457/387 377/456/410 378/460/412
f 356/462/390 355/458/388 370/459/411
f 356/462/390 371/463/413 372/468/415
f 350/469/393 349/464/391 364/466/414
f 376/453/408 391/486/430 392/470/416
f 370/459/411 369/454/409 384/471/417
f 377/456/410 392/470/416 393/473/419
f 371/463/413 370/459/411 385/472/418
f 371/463/413 386/474/420 387/478/422
f 365/442/402 364/466/414 379/476/421
f 372/468/415 387/478/422 388/480/424
f 366/443/403 365/442/402 380/479/423
f 374/445/404 373/439/401 388/480/424
f 366/443/403 381/481/425 382/483/427
f 374/445/404 389/482/426 390/484/428
f 368/451/407 367/446/405 382/483/427
f 376/453/408 375/448/406 390/484/428
f 368/451/407 383/485/429 384/471/417
f 381/481/425 380/479/423 395/487/431
f 389/482/426 388/480/424 403/489/433
f 381/481/425 396/488/432 397/491/435
f 389/482/426 404/490/434 405/492/436
f 383/485/429 382/483/427 397/491/435
f 391/486/430 390/484/428 405/492/436
f 383/485/429 398/493/437 399/101/439
f 391/486/430 406/494/438 407/495/440
f 385/472/418 384/471/417 399/101/439
f 393/473/419 392/470/416 407/495/440
f 386/474/420 385/472/418 400/496/441
f 386/474/420 401/498/443 402/502/445
f 379/476/421 394/500/444 395/487/431
f 387/478/422 402/502/445 403/489/433
f 443/503/446 429/38/38 499/40/40
f 407/495/440 421/520/461 422/505/448
f 468/29/68 11/30/77 476/79/79
f 401/498/443 415/535/476 416/510/451
f 394/500/444 409/508/450 410/511/452
f 402/502/445 416/510/451 417/512/453
f 396/488/432 395/487/431 410/511/452
f 404/490/434 403/489/433 417/512/453
f 396/488/432 411/513/454 412/515/456
f 404/490/434 418/514/455 419/516/457
f 398/493/437 397/491/435 412/515/456
f 406/494/438 405/492/436 419/516/457
f 398/493/437 413/517/458 414/519/460
f 406/494/438 420/518/459 421/520/461
f 418/514/455 417/512/453 431/521/462
f 411/513/454 425/538/479 426/523/464
f 418/514/455 432/522/463 433/524/465
f 413/517/458 412/515/456 426/523/464
f 420/518/459 419/516/457 433/524/465
f 413/517/458 427/525/466 428/527/468
f 420/518/459 434/526/467 435/528/469
f 400/496/470 492/560/505 493/529/471
f 422/505/448 421/520/461 435/528/469
f 457/531/474 443/503/446 502/504/447
f 415/535/476 429/38/485 430/536/477
f 409/508/450 423/533/475 424/537/478
f 416/510/451 430/536/477 431/521/462
f 411/513/454 410/511/452 424/537/478
f 435/528/469 449/554/496 450/539/480
f 69/113/481 54/107/497 487/540/482
f 429/38/485 443/503/510 444/545/486
f 424/537/478 423/533/475 437/543/484
f 430/536/477 444/545/486 445/547/488
f 425/538/479 424/537/478 438/546/487
f 432/522/463 431/521/462 445/547/488
f 425/538/479 439/548/489 440/550/491
f 432/522/463 446/549/490 447/551/492
f 427/525/466 426/523/464 440/550/491
f 434/526/467 433/524/465 447/551/492
f 427/525/466 441/552/493 442/3/495
f 434/526/467 448/553/494 449/554/496
f 40/83/94 484/93/93 487/540/482
f 446/549/490 460/569/515 461/555/498
f 441/552/493 440/550/491 454/556/499
f 448/553/494 447/551/492 461/555/498
f 441/552/493 455/557/500 456/1/502
f 448/553/494 462/558/501 463/559/503
f 399/101/504 491/103/2148 492/560/505
f 450/539/480 449/554/496 463/559/503
f 428/527/507 497/572/517 494/102/105
f 443/503/510 457/531/516 458/565/511
f 437/543/484 451/563/509 452/566/512
f 444/545/486 458/565/511 459/567/513
f 439/548/489 438/546/487 452/566/512
f 446/549/490 445/547/488 459/567/513
f 439/548/489 453/568/514 454/556/499
f 457/531/516 3/10/10 4/12/12
f 451/563/509 465/4/4 466/13/13
f 458/565/511 4/12/12 469/16/16
f 453/568/514 452/566/512 466/13/13
f 459/567/513 469/16/16 5/20/20
f 454/556/499 453/568/514 1/17/17
f 460/569/515 5/20/20 470/23/23
f 455/557/500 454/556/499 467/21/21
f 462/558/501 461/555/498 470/23/23
f 456/1/502 455/557/500 2/26/26
f 462/558/501 471/28/28 472/32/32
f 442/3/3 500/2/2 497/572/517
f 463/559/503 472/32/32 473/8/8
f 25/56/518 39/63/556 482/573/519
f 474/574/520 477/578/524 478/575/521
f 506/577/523 476/579/525 477/578/524
f 476/579/525 479/582/528 480/580/526
f 477/578/524 480/580/526 481/581/527
f 479/582/528 482/586/532 483/583/529
f 480/580/526 483/583/529 484/584/530
f 483/583/529 486/587/533 487/585/531
f 482/586/532 485/588/534 486/587/533
f 485/588/534 488/1726/2149 489/589/535
f 486/587/533 489/589/535 490/590/536
f 492/591/537 491/1727/2150 494/592/538
f 493/594/540 492/591/537 495/593/539
f 495/593/539 494/592/538 497/596/542
f 496/595/541 495/593/539 498/597/543
f 499/598/544 498/597/543 501/599/545
f 498/597/543 497/596/542 500/601/547
f 501/599/545 500/601/547 503/602/548
f 502/600/546 501/599/545 504/603/549
f 504/603/549 503/602/548 506/577/523
f 505/604/550 504/603/549 474/574/520
f 12/47/102 478/99/101 481/605/551
f 68/131/552 69/113/2151 490/541/553
f 401/498/554 493/529/2152 496/39/39
f 39/63/556 53/35/35 485/34/34
f 507/606/557 540/782/619 602/607/558
f 510/609/560 546/613/564 544/610/561
f 510/609/560 511/614/565 548/612/563
f 511/614/565 512/1728/567 550/615/566
f 512/616/567 513/1729/569 552/617/568
f 513/619/569 514/1730/571 554/620/570
f 514/622/571 515/1731/573 556/623/572
f 515/625/573 516/1732/575 558/626/574
f 516/628/575 517/631/577 560/629/576
f 517/631/577 518/633/579 562/632/578
f 518/633/579 519/635/581 564/634/580
f 519/635/581 520/637/583 566/636/582
f 520/637/583 521/639/585 568/638/584
f 521/639/585 522/642/588 570/640/586
f 523/641/587 572/644/590 570/640/586
f 524/643/589 574/646/592 572/644/590
f 525/645/591 576/648/594 574/646/592
f 526/647/593 578/650/596 576/648/594
f 527/649/595 580/652/598 578/650/596
f 528/651/597 582/654/600 580/652/598
f 529/653/599 584/796/602 582/654/600
f 530/655/601 586/794/604 584/656/602
f 531/658/603 588/792/606 586/659/604
f 532/661/605 590/790/608 588/662/606
f 533/664/607 592/668/610 590/665/608
f 533/664/607 534/669/611 594/667/609
f 534/669/611 535/671/613 596/670/612
f 535/671/613 536/674/616 598/672/614
f 537/673/615 600/675/617 598/672/614
f 538/608/559 602/607/558 600/675/617
f 508/676/618 542/679/620 540/677/619
f 509/611/562 544/610/561 542/679/620
f 508/1733/2153 507/1734/2154 519/1735/2155
f 507/1734/2154 538/1736/2156 520/1737/2157
f 521/1738/2158 538/1736/2156 537/1739/2159
f 537/1739/2159 536/1740/2160 523/1741/2161
f 523/1741/2161 536/1740/2160 524/1742/2162
f 536/1740/2160 535/1743/2163 524/1742/2162
f 535/1743/2163 534/1744/2164 524/1742/2162
f 534/1744/2164 533/1745/2165 525/1746/2166
f 533/1745/2165 532/1747/2167 526/1748/2168
f 534/1744/2164 525/1746/2166 524/1742/2162
f 532/1747/2167 531/1749/2169 527/1750/2170
f 531/1749/2169 530/1751/2171 528/1752/2172
f 530/1751/2171 529/1753/2173 528/1752/2172
f 528/1752/2172 527/1750/2170 531/1749/2169
f 527/1750/2170 526/1748/2168 532/1747/2167
f 526/1748/2168 525/1746/2166 533/1745/2165
f 523/1741/2161 522/1754/2174 537/1739/2159
f 537/1739/2159 522/1754/2174 521/1738/2158
f 521/1738/2158 520/1737/2157 538/1736/2156
f 507/1734/2154 520/1737/2157 519/1735/2155
f 519/1735/2155 518/1755/2175 508/1733/2153
f 518/1755/2175 517/682/623 509/681/622
f 517/682/623 516/1756/2176 510/680/621
f 518/1755/2175 509/681/622 508/1733/2153
f 516/1756/2176 515/1757/2177 511/1758/2178
f 515/1757/2177 514/1759/2179 512/1760/2180
f 514/1759/2179 513/1761/2181 512/1760/2180
f 512/1760/2180 511/1758/2178 515/1757/2177
f 511/1758/2178 510/680/621 516/1756/2176
f 606/683/624 605/1367/683 543/684/625
f 893/686/627 1117/1574/1821 1116/687/628
f 563/689/630 615/1413/651 614/690/631
f 624/692/633 623/1459/685 579/693/634
f 599/695/636 633/1762/2182 632/696/637
f 555/698/639 611/1397/657 610/699/640
f 620/701/642 619/1439/687 571/702/643
f 591/704/645 629/1763/661 628/705/646
f 607/707/648 606/1374/624 545/708/626
f 565/710/650 616/1418/667 615/711/651
f 625/713/652 624/1323/633 581/714/635
f 634/716/654 633/1379/2182 599/717/636
f 557/719/656 612/1401/673 611/720/657
f 621/722/658 620/1444/642 573/723/644
f 593/725/660 630/1764/677 629/726/661
f 603/728/662 634/1386/654 601/729/655
f 608/731/664 607/1383/648 547/732/649
f 567/734/666 617/1423/2183 616/735/667
f 626/737/668 625/1330/652 583/738/653
f 604/740/670 603/1353/662 539/741/663
f 559/743/672 613/1405/684 612/744/673
f 622/746/674 621/1449/658 575/747/659
f 595/749/676 631/1765/686 630/750/677
f 609/752/678 608/1390/664 549/753/665
f 618/755/680 617/1429/2183 567/756/666
f 587/758/682 627/1766/688 626/759/668
f 605/761/683 604/1360/670 541/762/671
f 561/764/632 614/1409/631 613/765/684
f 623/767/685 622/1453/674 577/768/675
f 597/770/638 632/1767/637 631/771/686
f 610/773/640 609/1394/678 551/774/679
f 619/776/687 618/1434/680 569/777/681
f 589/779/647 628/1768/646 627/780/688
f 540/782/689 636/960/2184 666/783/690
f 602/607/691 666/956/690 665/784/692
f 600/675/693 665/784/692 664/785/694
f 598/672/695 664/785/694 663/786/696
f 596/670/697 663/786/696 662/787/698
f 594/667/699 662/787/698 661/788/700
f 592/668/701 661/788/700 660/789/702
f 590/790/703 660/931/702 659/791/704
f 588/792/705 659/925/704 658/793/706
f 586/794/707 658/920/706 657/795/708
f 584/796/709 657/915/708 656/797/710
f 582/654/711 656/797/710 655/798/712
f 655/798/712 654/799/715 578/650/714
f 654/799/715 653/800/717 576/648/716
f 653/800/717 652/898/719 574/646/718
f 652/801/719 651/893/2185 572/644/720
f 572/644/720 651/888/2185 650/802/721
f 570/640/722 650/884/721 649/803/723
f 568/638/724 649/803/723 648/804/725
f 566/636/726 648/804/725 647/805/727
f 647/805/727 646/806/730 562/632/729
f 646/806/730 645/807/732 560/629/731
f 645/807/732 644/862/734 558/630/733
f 644/808/734 643/857/736 556/627/735
f 643/809/736 642/852/738 554/624/737
f 642/810/738 641/847/740 552/621/739
f 641/811/740 640/842/742 550/618/741
f 640/812/742 639/813/744 548/612/743
f 639/813/744 638/814/746 546/613/745
f 638/814/746 637/815/748 544/610/747
f 637/815/748 635/825/750 542/679/749
f 635/816/750 636/820/2184 540/677/689
f 670/817/751 669/821/2186 668/818/752
f 635/816/754 667/819/2187 668/818/755
f 539/741/757 636/820/2188 668/818/758
f 541/742/671 539/741/663 669/821/760
f 541/742/762 670/817/2189 667/819/763
f 674/822/765 673/826/2190 672/823/766
f 637/815/768 671/824/2191 672/823/769
f 541/762/771 635/825/2192 672/823/772
f 543/763/625 541/762/671 673/826/774
f 637/815/776 543/763/2193 674/822/777
f 678/827/779 677/830/2194 676/828/780
f 638/814/782 675/829/2195 676/828/783
f 637/815/785 676/828/2196 677/830/786
f 545/685/626 543/684/625 677/830/788
f 638/814/790 545/685/2197 678/827/791
f 682/831/793 681/834/2198 680/832/794
f 639/813/796 679/833/2199 680/832/797
f 638/814/799 680/832/2200 681/834/800
f 547/709/649 545/708/626 681/834/802
f 639/813/804 547/709/2201 682/831/805
f 686/835/807 685/838/2202 684/836/808
f 640/812/810 683/837/2203 684/836/811
f 639/813/813 684/836/2204 685/838/814
f 549/733/665 547/732/649 685/838/816
f 640/812/818 549/733/2205 686/835/819
f 690/839/821 689/843/2206 688/840/822
f 641/811/824 687/841/2207 688/840/825
f 640/842/827 688/840/2208 689/843/828
f 551/754/679 549/753/665 689/843/830
f 641/811/832 551/754/2209 690/839/833
f 694/844/835 693/848/2210 692/845/836
f 642/810/838 691/846/2211 692/845/839
f 641/847/841 692/845/2212 693/848/842
f 553/775/641 551/774/679 693/848/844
f 642/810/846 553/775/2213 694/844/847
f 698/849/849 697/853/2214 696/850/850
f 642/852/852 643/809/2215 695/851/853
f 642/852/855 696/850/2216 697/853/856
f 553/700/641 697/853/2217 698/849/858
f 643/809/859 555/698/2218 698/849/860
f 702/854/862 701/858/2219 700/855/863
f 643/857/865 644/808/2220 699/856/866
f 643/857/868 700/855/2221 701/858/869
f 555/721/639 701/858/2222 702/854/871
f 644/808/872 557/719/2223 702/854/873
f 706/859/875 705/863/2224 704/860/876
f 644/862/878 645/807/2225 703/861/879
f 644/862/881 704/860/2226 705/863/882
f 557/745/656 705/863/2227 706/859/884
f 645/807/885 559/743/2228 706/859/886
f 710/864/888 709/867/2229 708/865/889
f 645/807/891 646/806/2230 707/866/892
f 645/807/894 708/865/2231 709/867/895
f 559/766/672 709/867/2232 710/864/897
f 646/806/898 561/764/2233 710/864/899
f 711/868/901 714/871/2234 713/869/902
f 646/806/904 647/805/2235 711/868/905
f 646/806/907 712/870/2236 713/869/908
f 561/691/632 713/869/2237 714/871/910
f 647/805/911 563/689/2238 714/871/912
f 715/872/914 718/875/2239 717/873/915
f 647/805/917 648/804/2240 715/872/918
f 647/805/920 716/874/2241 717/873/921
f 563/712/630 717/873/2242 718/875/923
f 648/804/924 565/710/2243 718/875/925
f 719/876/927 722/879/2244 721/877/928
f 648/804/930 649/803/2245 719/876/931
f 565/736/933 648/804/2246 720/878/934
f 565/736/650 721/877/2247 722/879/936
f 567/734/937 722/879/2248 719/876/938
f 723/880/940 726/883/2249 725/881/941
f 649/803/943 650/884/2250 723/880/944
f 567/756/946 649/803/2251 724/882/947
f 567/756/666 725/881/2252 726/883/949
f 569/757/950 726/883/2253 723/880/951
f 727/885/953 730/889/2254 729/886/954
f 651/888/956 727/885/2255 728/887/957
f 569/777/959 650/802/2256 728/887/960
f 571/778/643 569/777/681 729/886/962
f 571/778/964 730/889/2257 727/885/965
f 734/890/967 733/894/2258 732/891/968
f 652/801/970 731/892/2259 732/891/971
f 571/702/973 651/893/2260 732/891/974
f 573/703/644 571/702/643 733/894/976
f 573/703/978 734/890/2261 731/892/979
f 738/895/981 737/899/2262 736/896/982
f 653/800/984 735/897/2263 736/896/985
f 573/723/987 652/898/2264 736/896/988
f 575/724/659 573/723/644 737/899/990
f 653/800/992 575/724/2265 738/895/993
f 742/900/995 741/903/2266 740/901/996
f 654/799/998 739/902/2267 740/901/999
f 653/800/1001 740/901/2268 741/903/1002
f 577/748/675 575/747/659 741/903/1004
f 654/799/1006 577/748/2269 742/900/1007
f 746/904/1009 745/907/2270 744/905/1010
f 655/798/1012 743/906/2271 744/905/1013
f 654/799/1015 744/905/2272 745/907/1016
f 579/769/634 577/768/675 745/907/1018
f 655/798/1020 579/769/2273 746/904/1021
f 750/908/1023 749/911/2274 748/909/1024
f 656/797/1026 747/910/2275 748/909/1027
f 655/798/1029 748/909/2276 749/911/1030
f 581/694/635 579/693/634 749/911/1032
f 656/797/1034 581/694/2277 750/908/1035
f 751/912/1037 754/916/2278 753/913/1038
f 657/915/1040 751/912/2279 752/914/1041
f 656/797/1043 752/914/2280 753/913/1044
f 583/715/653 581/714/635 753/913/1046
f 657/915/1048 583/715/2281 754/916/1049
f 755/917/1051 758/921/2282 757/918/1052
f 658/920/1054 755/917/2283 756/919/1055
f 657/795/1057 756/919/2284 757/918/1058
f 585/739/669 583/738/653 757/918/1060
f 658/920/1062 585/739/2285 758/921/1063
f 759/922/1065 762/926/2286 761/923/1066
f 659/925/1068 759/922/2287 760/924/1069
f 658/793/1071 760/924/2288 761/923/1072
f 585/760/669 761/923/2289 762/926/1074
f 659/925/1075 587/758/2290 762/926/1076
f 763/927/1078 766/930/2291 765/928/1079
f 659/791/1081 660/931/2292 763/927/1082
f 659/791/1084 764/929/2293 765/928/1085
f 587/781/682 765/928/2294 766/930/1087
f 660/931/1088 589/779/2295 766/930/1089
f 767/932/1091 770/935/2296 769/933/1092
f 660/789/1094 661/788/2297 767/932/1095
f 660/789/1097 768/934/2298 769/933/1098
f 589/706/647 769/933/2299 770/935/1100
f 661/788/1101 591/704/2300 770/935/1102
f 771/936/1104 774/939/2301 773/937/1105
f 661/788/1107 662/787/2302 771/936/1108
f 661/788/1110 772/938/2303 773/937/1111
f 591/727/645 773/937/2304 774/939/1113
f 662/787/1114 593/725/2305 774/939/1115
f 775/940/1117 778/943/2306 777/941/1118
f 662/787/1120 663/786/2307 775/940/1121
f 662/787/1123 776/942/2308 777/941/1124
f 593/751/660 777/941/2309 778/943/1126
f 663/786/1127 595/749/2310 778/943/1128
f 779/944/1130 782/947/2311 781/945/1131
f 663/786/1133 664/785/2312 779/944/1134
f 663/786/1136 780/946/2313 781/945/1137
f 595/772/676 781/945/2314 782/947/1139
f 664/785/1140 597/770/2315 782/947/1141
f 783/948/1143 786/951/2316 785/949/1144
f 664/785/1146 665/784/2317 783/948/1147
f 597/697/1149 664/785/2318 784/950/1150
f 597/697/638 785/949/2319 786/951/1152
f 599/695/1153 786/951/2320 783/948/1154
f 787/952/1156 790/955/2321 789/953/1157
f 665/784/1159 666/956/2322 787/952/1160
f 599/717/1162 665/784/2323 788/954/1163
f 599/717/636 789/953/2324 790/955/1165
f 601/718/1166 790/955/2325 787/952/1167
f 791/957/1169 794/961/2326 793/958/1170
f 636/960/1172 791/957/2327 792/959/1173
f 601/729/1175 666/783/2328 792/959/1176
f 539/730/663 601/729/655 793/958/1178
f 539/730/1180 794/961/2329 791/957/1181
f 826/962/1183 795/1769/1244 828/963/1184
f 797/965/1186 798/969/1190 834/966/1187
f 799/968/1189 836/971/1192 834/966/1187
f 800/970/1191 838/1167/1194 836/971/1192
f 801/972/1193 840/1165/1196 838/973/1194
f 801/975/1193 802/1770/1197 842/976/1195
f 802/978/1197 803/1771/1199 844/979/1198
f 803/981/1199 804/1772/1201 846/982/1200
f 804/984/1201 805/987/1203 848/985/1202
f 805/987/1203 806/989/1205 850/988/1204
f 806/989/1205 807/991/1207 852/990/1206
f 807/991/1207 808/993/1209 854/992/1208
f 808/993/1209 809/995/1211 856/994/1210
f 809/995/1211 810/997/1213 858/996/1212
f 810/997/1213 811/999/1215 860/998/1214
f 811/999/1215 812/1002/1218 862/1000/1216
f 813/1001/1217 864/1004/1220 862/1000/1216
f 814/1003/1219 866/1006/1222 864/1004/1220
f 815/1005/1221 868/1008/1224 866/1006/1222
f 816/1007/1223 870/1010/1226 868/1008/1224
f 817/1009/1225 872/1149/1228 870/1010/1226
f 818/1011/1227 874/1147/1230 872/1012/1228
f 819/1014/1229 876/1145/1232 874/1015/1230
f 820/1017/1231 878/1143/1234 876/1018/1232
f 821/1020/1233 880/1024/1236 878/1021/1234
f 822/1023/1235 882/1026/1238 880/1024/1236
f 823/1025/1237 884/1028/1240 882/1026/1238
f 824/1027/1239 886/1030/1242 884/1028/1240
f 824/1027/1239 825/1031/1243 888/1029/1241
f 825/1031/1243 826/962/1183 890/964/1185
f 795/1032/1244 796/1035/1246 830/1033/1245
f 796/1035/1246 797/965/1186 832/967/1188
f 796/1773/2330 795/1774/2331 814/1775/2332
f 795/1774/2331 826/1776/2333 815/1777/2334
f 815/1777/2334 826/1776/2333 816/1778/2335
f 826/1776/2333 825/1779/2336 816/1778/2335
f 825/1779/2336 824/1780/2337 817/1781/2338
f 816/1778/2335 825/1779/2336 817/1781/2338
f 824/1780/2337 823/1782/2339 818/1783/2340
f 823/1782/2339 822/1784/2341 819/1785/2342
f 819/1785/2342 822/1784/2341 820/1786/2343
f 822/1784/2341 821/1787/2344 820/1786/2343
f 819/1785/2342 818/1783/2340 823/1782/2339
f 818/1783/2340 817/1781/2338 824/1780/2337
f 815/1777/2334 814/1775/2332 795/1774/2331
f 814/1775/2332 813/1788/2345 796/1773/2330
f 813/1788/2345 812/1789/2346 797/1038/1249
f 796/1773/2330 813/1788/2345 797/1038/1249
f 812/1789/2346 811/1036/1247 797/1038/1249
f 811/1036/1247 810/1790/2347 798/1037/1248
f 799/1791/2348 810/1790/2347 800/1792/2349
f 810/1790/2347 809/1793/2350 800/1792/2349
f 809/1793/2350 808/1794/2351 801/1795/2352
f 800/1792/2349 809/1793/2350 801/1795/2352
f 808/1794/2351 807/1796/2353 802/1797/2354
f 807/1796/2353 806/1798/2355 803/1799/2356
f 802/1797/2354 807/1796/2353 803/1799/2356
f 806/1798/2355 805/1800/2357 804/1801/2358
f 804/1801/2358 803/1799/2356 806/1798/2355
f 802/1797/2354 801/1795/2352 808/1794/2351
f 799/1791/2348 798/1037/1248 810/1790/2347
f 894/1039/1250 893/1329/2359 831/1040/1251
f 918/1042/1253 919/1802/1819 1143/1043/1254
f 851/1045/1256 903/1803/1277 902/1046/1257
f 912/1048/1259 911/1425/1311 867/1049/1260
f 887/1051/1262 921/1333/1281 920/1052/1263
f 899/1054/1265 898/1357/1313 841/1055/1266
f 861/1057/1268 908/1804/1285 907/1058/1269
f 879/1060/1271 917/1805/1287 916/1061/1272
f 895/1063/1274 894/1336/1250 833/1064/1252
f 853/1066/1276 904/1806/1293 903/1067/1277
f 913/1069/1278 912/1430/1259 869/1070/1261
f 889/1072/1280 922/1339/1289 921/1073/1281
f 900/1075/1282 899/1364/1265 843/1076/1267
f 863/1078/1284 909/1807/2360 908/1079/1285
f 881/1081/1286 918/1808/1302 917/1082/1287
f 827/1084/1288 891/1343/1297 922/1085/1289
f 896/1087/1290 895/1342/1274 835/1088/1275
f 855/1090/1292 905/1809/1306 904/1091/1293
f 914/1093/1294 913/1435/1278 871/1094/1279
f 829/1096/1296 892/1456/1309 891/1097/1297
f 847/1099/1298 901/1370/1310 900/1100/1282
f 910/1102/1299 909/1415/2360 863/1103/1284
f 883/1105/1301 919/1802/1312 918/1042/1302
f 897/1107/1303 896/1346/1290 837/1108/1291
f 857/1110/1305 906/1810/1314 905/1111/1306
f 915/1113/1307 914/1440/1294 873/1114/1295
f 831/1116/1251 893/686/2359 892/688/1309
f 849/1118/1258 902/1377/1257 901/1119/1310
f 911/1121/1311 910/1420/1299 865/1122/1300
f 885/1124/1264 920/1326/1263 919/1125/1312
f 898/1127/1313 897/1350/1303 839/1128/1304
f 859/1130/1270 907/1811/1269 906/1131/1314
f 916/1133/1272 915/1445/1307 875/1134/1308
f 828/963/1315 924/1316/2361 954/1136/1316
f 890/964/1317 954/1311/1316 953/1137/1318
f 888/1029/1319 953/1137/1318 952/1138/1320
f 886/1030/1321 952/1138/1320 951/1139/1322
f 884/1028/1323 951/1139/1322 950/1140/1324
f 882/1026/1325 950/1140/1324 949/1141/1326
f 880/1024/1327 949/1141/1326 948/1142/1328
f 878/1143/1329 948/1285/1328 947/1144/1330
f 876/1145/1331 947/1280/1330 946/1146/1332
f 874/1147/1333 946/1275/1332 945/1148/1334
f 872/1149/1335 945/1270/1334 944/1150/1336
f 870/1010/1337 944/1150/1336 943/1151/1338
f 943/1151/1338 942/1152/1341 866/1006/1340
f 942/1152/1341 941/1153/1343 864/1004/1342
f 941/1153/1343 940/1253/1345 862/1000/1344
f 940/1154/1345 939/1248/2362 860/998/1346
f 860/998/1346 939/1244/2362 938/1155/1347
f 858/996/1348 938/1239/1347 937/1156/1349
f 856/994/1350 937/1156/1349 936/1157/1351
f 854/992/1352 936/1157/1351 935/1158/1353
f 935/1158/1353 934/1159/1356 850/988/1355
f 934/1159/1356 933/1160/1358 848/985/1357
f 933/1160/1358 932/1217/1360 846/986/1359
f 932/1161/1360 931/1212/1362 844/983/1361
f 931/1162/1362 930/1207/1364 842/980/1363
f 930/1163/1364 929/1202/1366 840/977/1365
f 929/1164/1366 928/1197/1368 838/973/1367
f 928/1166/1368 927/1168/1370 836/971/1369
f 927/1168/1370 926/1169/1372 834/966/1371
f 926/1169/1372 925/1170/1374 832/967/1373
f 925/1170/1374 923/1180/1376 830/1033/1375
f 923/1171/1376 924/1175/2361 828/1034/1315
f 958/1172/1377 957/1176/2363 956/1173/1378
f 924/1175/1380 923/1171/2364 955/1174/1381
f 827/1098/1383 924/1175/2365 956/1173/1384
f 827/1098/1288 957/1176/2366 958/1172/1386
f 829/1096/1387 958/1172/2367 955/1174/1388
f 962/1177/1390 961/1181/2368 960/1178/1391
f 925/1170/1393 959/1179/2369 960/1178/1394
f 829/1117/1396 923/1180/2370 960/1178/1397
f 831/1116/1251 829/1117/1296 961/1181/1399
f 831/1116/1401 962/1177/2371 959/1179/1402
f 966/1182/1404 965/1185/2372 964/1183/1405
f 926/1169/1407 963/1184/2373 964/1183/1408
f 831/1040/1410 925/1170/2374 964/1183/1411
f 833/1041/1252 831/1040/1251 965/1185/1413
f 833/1041/1415 966/1182/2375 963/1184/1416
f 970/1186/1418 969/1189/2376 968/1187/1419
f 927/1168/1421 967/1188/2377 968/1187/1422
f 926/1169/1424 968/1187/2378 969/1189/1425
f 835/1065/1275 833/1064/1252 969/1189/1427
f 927/1168/1429 835/1065/2379 970/1186/1430
f 974/1190/1432 973/1193/2380 972/1191/1433
f 928/1166/1435 971/1192/2381 972/1191/1436
f 927/1168/1438 972/1191/2382 973/1193/1439
f 837/1089/1291 835/1088/1275 973/1193/1441
f 928/1166/1443 837/1089/2383 974/1190/1444
f 978/1194/1446 977/1198/2384 976/1195/1447
f 929/1164/1449 975/1196/2385 976/1195/1450
f 928/1197/1452 976/1195/2386 977/1198/1453
f 839/1109/1304 837/1108/1291 977/1198/1455
f 929/1164/1457 839/1109/2387 978/1194/1458
f 982/1199/1460 981/1203/2388 980/1200/1461
f 930/1163/1463 979/1201/2389 980/1200/1464
f 929/1202/1466 980/1200/2390 981/1203/1467
f 841/1129/1266 839/1128/1304 981/1203/1469
f 930/1163/1471 841/1129/2391 982/1199/1472
f 986/1204/1474 985/1208/2392 984/1205/1475
f 931/1162/1477 983/1206/2393 984/1205/1478
f 930/1207/1480 984/1205/2394 985/1208/1481
f 843/1056/1267 841/1055/1266 985/1208/1483
f 931/1162/1485 843/1056/2395 986/1204/1486
f 990/1209/1488 989/1213/2396 988/1210/1489
f 931/1212/1491 932/1161/2397 987/1211/1492
f 931/1212/1494 988/1210/2398 989/1213/1495
f 845/1077/1283 843/1076/1267 989/1213/1497
f 932/1161/1499 845/1077/2399 990/1209/1500
f 994/1214/1502 993/1218/2400 992/1215/1503
f 932/1217/1505 933/1160/2401 991/1216/1506
f 932/1217/1508 992/1215/2402 993/1218/1509
f 845/1101/1283 993/1218/2403 994/1214/1511
f 933/1160/1512 847/1099/2404 994/1214/1513
f 998/1219/1515 997/1222/2405 996/1220/1516
f 933/1160/1518 934/1159/2406 995/1221/1519
f 933/1160/1521 996/1220/2407 997/1222/1522
f 847/1120/1298 997/1222/2408 998/1219/1524
f 934/1159/1525 849/1118/2409 998/1219/1526
f 999/1223/1528 1002/1226/2410 1001/1224/1529
f 934/1159/1531 935/1158/2411 999/1223/1532
f 934/1159/1534 1000/1225/2412 1001/1224/1535
f 849/1047/1258 1001/1224/2413 1002/1226/1537
f 935/1158/1538 851/1045/2414 1002/1226/1539
f 1003/1227/1541 1006/1230/2415 1005/1228/1542
f 935/1158/1544 936/1157/2416 1003/1227/1545
f 935/1158/1547 1004/1229/2417 1005/1228/1548
f 851/1068/1256 1005/1228/2418 1006/1230/1550
f 936/1157/1551 853/1066/2419 1006/1230/1552
f 1007/1231/1554 1010/1234/2420 1009/1232/1555
f 936/1157/1557 937/1156/2421 1007/1231/1558
f 936/1157/1560 1008/1233/2422 1009/1232/1561
f 853/1092/1276 1009/1232/2423 1010/1234/1563
f 937/1156/1564 855/1090/2424 1010/1234/1565
f 1011/1235/1567 1014/1238/2425 1013/1236/1568
f 937/1156/1570 938/1239/2426 1011/1235/1571
f 937/1156/1573 1012/1237/2427 1013/1236/1574
f 855/1112/1292 1013/1236/2428 1014/1238/1576
f 857/1110/1577 1014/1238/2429 1011/1235/1578
f 1015/1240/1580 1018/1243/2430 1017/1241/1581
f 938/1155/1583 939/1244/2431 1015/1240/1584
f 857/1132/1586 938/1155/2432 1016/1242/1587
f 857/1132/1305 1017/1241/2433 1018/1243/1589
f 859/1130/1590 1018/1243/2434 1015/1240/1591
f 1022/1245/1593 1021/1249/2435 1020/1246/1594
f 939/1248/1596 940/1154/2436 1019/1247/1597
f 859/1059/1599 939/1248/2437 1020/1246/1600
f 859/1059/1270 1021/1249/2438 1022/1245/1602
f 861/1057/1603 1022/1245/2439 1019/1247/1604
f 1026/1250/1606 1025/1254/2440 1024/1251/1607
f 941/1153/1609 1023/1252/2441 1024/1251/1610
f 861/1080/1612 940/1253/2442 1024/1251/1613
f 863/1078/1284 861/1080/1268 1025/1254/1615
f 863/1078/1617 1026/1250/2443 1023/1252/1618
f 1030/1255/1620 1029/1258/2444 1028/1256/1621
f 942/1152/1623 1027/1257/2445 1028/1256/1624
f 863/1103/1626 941/1153/2446 1028/1256/1627
f 865/1104/1300 863/1103/1284 1029/1258/1629
f 865/1104/1631 1030/1255/2447 1027/1257/1632
f 1034/1259/1634 1033/1262/2448 1032/1260/1635
f 943/1151/1637 1031/1261/2449 1032/1260/1638
f 942/1152/1640 1032/1260/2450 1033/1262/1641
f 867/1123/1260 865/1122/1300 1033/1262/1643
f 943/1151/1645 867/1123/2451 1034/1259/1646
f 1038/1263/1648 1037/1266/2452 1036/1264/1649
f 944/1150/1651 1035/1265/2453 1036/1264/1652
f 943/1151/1654 1036/1264/2454 1037/1266/1655
f 869/1050/1261 867/1049/1260 1037/1266/1657
f 944/1150/1659 869/1050/2455 1038/1263/1660
f 1039/1267/1662 1042/1271/2456 1041/1268/1663
f 945/1270/1665 1039/1267/2457 1040/1269/1666
f 944/1150/1668 1040/1269/2458 1041/1268/1669
f 871/1071/1279 869/1070/1261 1041/1268/1671
f 945/1270/1673 871/1071/2459 1042/1271/1674
f 1043/1272/1676 1046/1276/2460 1045/1273/1677
f 946/1275/1679 1043/1272/2461 1044/1274/1680
f 945/1148/1682 1044/1274/2462 1045/1273/1683
f 873/1095/1295 871/1094/1279 1045/1273/1685
f 946/1275/1687 873/1095/2463 1046/1276/1688
f 1047/1277/1690 1050/1281/2464 1049/1278/1691
f 947/1280/1693 1047/1277/2465 1048/1279/1694
f 946/1146/1696 1048/1279/2466 1049/1278/1697
f 875/1115/1308 873/1114/1295 1049/1278/1699
f 947/1280/1701 875/1115/2467 1050/1281/1702
f 1051/1282/1704 1054/1286/2468 1053/1283/1705
f 948/1285/1707 1051/1282/2469 1052/1284/1708
f 947/1144/1710 1052/1284/2470 1053/1283/1711
f 877/1135/1273 875/1134/1308 1053/1283/1713
f 948/1285/1715 877/1135/2471 1054/1286/1716
f 1055/1287/1718 1058/1290/2472 1057/1288/1719
f 948/1142/1721 949/1141/2473 1055/1287/1722
f 948/1142/1724 1056/1289/2474 1057/1288/1725
f 877/1062/1273 1057/1288/2475 1058/1290/1727
f 949/1141/1728 879/1060/2476 1058/1290/1729
f 1059/1291/1731 1062/1294/2477 1061/1292/1732
f 949/1141/1734 950/1140/2478 1059/1291/1735
f 949/1141/1737 1060/1293/2479 1061/1292/1738
f 879/1083/1271 1061/1292/2480 1062/1294/1740
f 950/1140/1741 881/1081/2481 1062/1294/1742
f 1063/1295/1744 1066/1298/2482 1065/1296/1745
f 950/1140/1747 951/1139/2483 1063/1295/1748
f 950/1140/1750 1064/1297/2484 1065/1296/1751
f 881/1106/1286 1065/1296/2485 1066/1298/1753
f 951/1139/1754 883/1105/2486 1066/1298/1755
f 1067/1299/1757 1070/1302/2487 1069/1300/1758
f 951/1139/1760 952/1138/2488 1067/1299/1761
f 951/1139/1763 1068/1301/2489 1069/1300/1764
f 883/1126/1301 1069/1300/2490 1070/1302/1766
f 952/1138/1767 885/1124/2491 1070/1302/1768
f 1071/1303/1770 1074/1306/2492 1073/1304/1771
f 952/1138/1773 953/1137/2493 1071/1303/1774
f 952/1138/1776 1072/1305/2494 1073/1304/1777
f 885/1053/1264 1073/1304/2495 1074/1306/1779
f 953/1137/1780 887/1051/2496 1074/1306/1781
f 1075/1307/1783 1078/1310/2497 1077/1308/1784
f 953/1137/1786 954/1311/2498 1075/1307/1787
f 953/1137/1789 1076/1309/2499 1077/1308/1790
f 887/1074/1262 1077/1308/2500 1078/1310/1792
f 889/1072/1793 1078/1310/2501 1075/1307/1794
f 1079/1312/1796 1082/1315/2502 1081/1313/1797
f 954/1136/1799 924/1316/2503 1079/1312/1800
f 889/1086/1802 954/1136/2504 1080/1314/1803
f 889/1086/1280 1081/1313/2505 1082/1315/1805
f 827/1084/1806 1082/1315/2506 1079/1312/1807
f 1120/1317/1809 1184/1812/1941 1183/1318/1810
f 1146/1320/1812 1210/1813/1940 1209/1321/1813
f 624/1323/1815 625/713/1822 1105/1324/1816
f 920/1326/1818 1144/1578/1825 1143/1327/1254
f 894/1039/1820 1118/1580/1827 1117/1328/1821
f 625/1330/1822 626/737/1828 1106/1331/1823
f 921/1333/1824 1145/1584/1814 1144/1334/1825
f 895/1063/1826 1119/1586/1811 1118/1335/1827
f 626/759/1828 627/1766/1831 1107/1337/1829
f 922/1339/1830 1146/1320/1812 1145/1322/1814
f 627/780/1831 628/1768/1836 1108/1340/1832
f 896/1087/1833 1120/1317/1809 1119/1319/1811
f 891/1343/1834 1115/1468/1931 1146/1344/1812
f 897/1107/1835 1121/1470/1839 1120/1345/1809
f 628/705/1836 629/1763/1840 1109/1347/1837
f 898/1127/1838 1122/1474/1846 1121/1349/1839
f 629/726/1840 630/1764/1847 1110/1351/1841
f 603/1353/1842 604/740/1849 1084/1354/1843
f 899/1054/1845 1123/1478/1852 1122/1356/1846
f 630/750/1847 631/1765/1853 1111/1358/1848
f 604/1360/1849 605/761/1855 1085/1361/1850
f 900/1075/1851 1124/1482/1858 1123/1363/1852
f 631/771/1853 632/1767/1859 1112/1365/1854
f 605/1367/1855 606/683/1861 1086/1368/1856
f 901/1370/1857 1125/1486/1864 1124/1371/1858
f 632/696/1859 633/1762/1865 1113/1372/1860
f 606/1374/1861 607/707/1868 1087/1375/1862
f 902/1377/1863 1126/1490/1870 1125/1378/1864
f 633/1379/1865 634/716/1871 1114/1380/1866
f 608/731/1867 1088/1558/1873 1087/1382/1862
f 902/1046/1863 903/1803/1874 1127/1384/1869
f 634/1386/1871 603/728/1842 1083/1387/1844
f 609/752/1872 1089/1564/1877 1088/1389/1873
f 903/1067/1874 904/1806/1878 1128/1391/1875
f 610/773/1876 1090/1570/1881 1089/1393/1877
f 904/1091/1878 905/1809/1882 1129/1395/1879
f 611/1397/1880 1091/1576/1885 1090/1398/1881
f 905/1111/1882 906/1810/1886 1130/1399/1883
f 612/1401/1884 1092/1582/1889 1091/1402/1885
f 906/1131/1886 907/1811/1890 1131/1403/1887
f 613/1405/1888 1093/1588/1893 1092/1406/1889
f 907/1058/1890 908/1804/1894 1132/1407/1891
f 614/1409/1892 1094/1466/1897 1093/1410/1893
f 908/1079/1894 909/1807/1898 1133/1411/1895
f 615/1413/1896 1095/1472/1901 1094/1414/1897
f 909/1415/1898 910/1102/1902 1134/1416/1899
f 616/1418/1900 1096/1476/1905 1095/1419/1901
f 910/1420/1902 911/1121/1906 1135/1421/1903
f 617/1423/1904 1097/1480/1909 1096/1424/1905
f 911/1425/1906 912/1048/1910 1136/1426/1907
f 618/755/1908 1098/1484/1913 1097/1428/1909
f 912/1430/1910 913/1069/1914 1137/1431/1911
f 619/776/1912 1099/1488/1917 1098/1433/1913
f 913/1435/1914 914/1093/1918 1138/1436/1915
f 620/701/1916 1100/1492/1921 1099/1438/1917
f 914/1440/1918 915/1113/1922 1139/1441/1919
f 621/722/1920 1101/1496/1925 1100/1443/1921
f 915/1445/1922 916/1133/1926 1140/1446/1923
f 622/746/1924 1102/1500/1929 1101/1448/1925
f 916/1061/1926 917/1805/1930 1141/1450/1927
f 623/767/1928 1103/1504/1932 1102/1452/1929
f 917/1082/1930 918/1808/1253 1142/1454/1255
f 892/1456/629 1116/1568/628 1115/1457/1931
f 624/692/1815 1104/1508/1817 1103/1458/1932
f 1147/1814/2507 1148/1815/2508 1160/1816/2509
f 1148/1815/2508 1149/1817/2510 1159/1818/2511
f 1149/1817/2510 1150/1819/2512 1159/1818/2511
f 1150/1819/2512 1151/1820/2513 1158/1821/2514
f 1159/1818/2511 1150/1819/2512 1158/1821/2514
f 1151/1820/2513 1152/1822/2515 1157/1823/2516
f 1152/1822/2515 1153/1824/2517 1156/1825/2518
f 1156/1825/2518 1153/1824/2517 1155/1826/2519
f 1153/1824/2517 1154/1827/2520 1155/1826/2519
f 1156/1825/2518 1157/1823/2516 1152/1822/2515
f 1157/1823/2516 1158/1821/2514 1151/1820/2513
f 1159/1818/2511 1160/1816/2509 1148/1815/2508
f 1160/1816/2509 1161/1462/1935 1178/1461/1934
f 1147/1814/2507 1160/1816/2509 1178/1461/1934
f 1161/1462/1935 1162/1828/2521 1177/1460/1933
f 1162/1828/2521 1163/1829/2522 1176/1830/2523
f 1177/1460/1933 1162/1828/2521 1176/1830/2523
f 1163/1829/2522 1164/1831/2524 1176/1830/2523
f 1164/1831/2524 1165/1832/2525 1175/1833/2526
f 1165/1832/2525 1166/1834/2527 1174/1835/2528
f 1166/1834/2527 1167/1836/2529 1173/1837/2530
f 1165/1832/2525 1174/1835/2528 1175/1833/2526
f 1167/1836/2529 1168/1838/2531 1172/1839/2532
f 1168/1838/2531 1169/1840/2533 1171/1841/2534
f 1169/1840/2533 1170/1842/2535 1171/1841/2534
f 1171/1841/2534 1172/1839/2532 1168/1838/2531
f 1172/1839/2532 1173/1837/2530 1167/1836/2529
f 1173/1837/2530 1174/1835/2528 1166/1834/2527
f 1175/1833/2526 1176/1830/2523 1164/1831/2524
f 1179/1843/2536 1180/1844/2537 1198/1845/2538
f 1180/1844/2537 1181/1846/2539 1197/1847/2540
f 1181/1846/2539 1182/1848/2541 1196/1849/2542
f 1182/1848/2541 1183/1850/2543 1194/1851/2544
f 1195/1852/2545 1182/1848/2541 1194/1851/2544
f 1183/1850/2543 1184/1853/2546 1193/1854/2547
f 1184/1853/2546 1185/1855/2548 1192/1856/2549
f 1192/1856/2549 1185/1855/2548 1191/1857/2550
f 1185/1855/2548 1186/1858/2551 1191/1857/2550
f 1186/1858/2551 1187/1859/2552 1190/1860/2553
f 1191/1857/2550 1186/1858/2551 1190/1860/2553
f 1187/1859/2552 1188/1861/2554 1189/1862/2555
f 1189/1862/2555 1190/1860/2553 1187/1859/2552
f 1192/1856/2549 1193/1854/2547 1184/1853/2546
f 1193/1854/2547 1194/1851/2544 1183/1850/2543
f 1195/1852/2545 1196/1849/2542 1182/1848/2541
f 1196/1849/2542 1197/1847/2540 1181/1846/2539
f 1197/1847/2540 1198/1845/2538 1180/1844/2537
f 1198/1845/2538 1199/1465/1938 1210/1464/1937
f 1179/1843/2536 1198/1845/2538 1210/1464/1937
f 1199/1465/1938 1200/1863/2556 1208/1864/2557
f 1200/1863/2556 1201/1865/2558 1207/1866/2559
f 1201/1865/2558 1202/1867/2560 1206/1868/2561
f 1202/1867/2560 1203/1869/2562 1205/1870/2563
f 1201/1865/2558 1206/1868/2561 1207/1866/2559
f 1203/1869/2562 1204/1871/2564 1205/1870/2563
f 1205/1870/2563 1206/1868/2561 1202/1867/2560
f 1207/1866/2559 1208/1864/2557 1200/1863/2556
f 1208/1864/2557 1209/1463/1936 1199/1465/1938
f 1094/1466/1897 1158/1872/1942 1157/1467/1939
f 1115/1468/1931 1179/1873/1991 1210/1469/1940
f 1121/1470/1839 1185/1874/1943 1184/1471/1941
f 1095/1472/1901 1159/1875/1944 1158/1473/1942
f 1122/1474/1846 1186/1876/1945 1185/1475/1943
f 1096/1476/1905 1160/1877/1946 1159/1477/1944
f 1123/1478/1852 1187/1878/1947 1186/1479/1945
f 1097/1480/1909 1161/1879/1948 1160/1481/1946
f 1124/1482/1858 1188/1880/1949 1187/1483/1947
f 1098/1484/1913 1162/1881/1950 1161/1485/1948
f 1125/1486/1864 1189/1882/1951 1188/1487/1949
f 1099/1488/1917 1163/1883/1952 1162/1489/1950
f 1126/1490/1870 1190/1884/1954 1189/1491/1951
f 1100/1492/1921 1164/1885/1955 1163/1493/1952
f 1126/1385/1870 1127/1384/1869 1191/1494/1953
f 1101/1496/1925 1165/1886/1957 1164/1497/1955
f 1127/1392/1869 1128/1391/1875 1192/1498/1956
f 1102/1500/1929 1166/1887/1959 1165/1501/1957
f 1128/1396/1875 1129/1395/1879 1193/1502/1958
f 1103/1504/1932 1167/1888/1961 1166/1505/1959
f 1129/1400/1879 1130/1399/1883 1194/1506/1960
f 1104/1508/1817 1168/1889/1964 1167/1509/1961
f 1130/1404/1883 1131/1403/1887 1195/1510/1962
f 1104/1325/1817 1105/1324/1816 1169/1512/1963
f 1131/1408/1887 1132/1407/1891 1196/1514/1965
f 1105/1332/1816 1106/1331/1823 1170/1516/1966
f 1132/1412/1891 1133/1411/1895 1197/1518/1967
f 1106/1338/1823 1107/1337/1829 1171/1520/1968
f 1133/1417/1895 1134/1416/1899 1198/1522/1969
f 1107/1341/1829 1108/1340/1832 1172/1524/1970
f 1134/1422/1899 1135/1421/1903 1199/1526/1971
f 1108/1348/1832 1109/1347/1837 1173/1528/1972
f 1135/1427/1903 1136/1426/1907 1200/1530/1973
f 1109/1352/1837 1110/1351/1841 1174/1532/1974
f 1083/1355/1844 1084/1354/1843 1148/1534/1975
f 1136/1432/1907 1137/1431/1911 1201/1536/1977
f 1110/1359/1841 1111/1358/1848 1175/1538/1978
f 1084/1362/1843 1085/1361/1850 1149/1540/1979
f 1137/1437/1911 1138/1436/1915 1202/1542/1980
f 1111/1366/1848 1112/1365/1854 1176/1544/1981
f 1085/1369/1850 1086/1368/1856 1150/1546/1982
f 1138/1442/1915 1139/1441/1919 1203/1548/1983
f 1112/1373/1854 1113/1372/1860 1177/1550/1984
f 1086/1376/1856 1087/1375/1862 1151/1552/1985
f 1139/1447/1919 1140/1446/1923 1204/1554/1986
f 1113/1381/1860 1114/1380/1866 1178/1556/1987
f 1088/1558/1873 1152/1890/1989 1151/1559/1985
f 1140/1451/1923 1141/1450/1927 1205/1560/1988
f 1114/1388/1866 1083/1387/1844 1147/1562/1976
f 1089/1564/1877 1153/1891/1992 1152/1565/1989
f 1141/1455/1927 1142/1454/1255 1206/1566/1990
f 1116/1568/628 1180/1892/1994 1179/1569/1991
f 1090/1570/1881 1154/1893/1995 1153/1571/1992
f 1142/1044/1255 1143/1043/1254 1207/1572/1993
f 1117/1574/1821 1181/1894/1996 1180/1575/1994
f 1091/1576/1885 1155/1895/1997 1154/1577/1995
f 1144/1578/1825 1208/1896/1998 1207/1579/1993
f 1118/1580/1827 1182/1897/1999 1181/1581/1996
f 1092/1582/1889 1156/1898/2000 1155/1583/1997
f 1145/1584/1814 1209/1899/1813 1208/1585/1998
f 1119/1586/1811 1183/1900/1810 1182/1587/1999
f 1093/1588/1893 1157/1901/1939 1156/1589/2000
f 1275/1590/2001 1212/1902/2001 1214/1591/2002
f 1276/1592/2003 1214/1591/2002 1216/1593/2004
f 1277/1594/2005 1216/1593/2004 1218/1595/2006
f 1278/1596/2007 1218/1595/2006 1220/1597/2008
f 1279/1598/2009 1220/1597/2008 1222/1599/2010
f 1280/1600/2011 1222/1599/2010 1224/1601/2012
f 1281/1602/2012 1224/1601/2012 1226/1603/2013
f 1282/1604/2014 1226/1603/2013 1228/1605/2015
f 1283/1606/2015 1228/1605/2015 1230/1607/2016
f 1284/1608/2017 1230/1607/2016 1232/1609/2018
f 1285/1610/2019 1232/1609/2018 1234/1611/2020
f 1286/1612/2021 1234/1611/2020 1236/1613/2022
f 1287/1614/2023 1236/1613/2022 1238/1615/2024
f 1288/1616/2025 1238/1615/2024 1240/1617/2026
f 1289/1618/2027 1240/1617/2026 1242/1619/2028
f 1290/1620/2029 1242/1619/2028 1244/1621/2030
f 1244/1621/2030 1246/1624/2032 1292/1623/2031
f 1246/1624/2032 1248/1626/2034 1293/1625/2033
f 1248/1626/2034 1250/1628/2036 1294/1627/2035
f 1250/1628/2036 1252/1630/2038 1295/1629/2037
f 1252/1630/2038 1254/1632/2040 1296/1631/2039
f 1254/1632/2040 1256/1634/2042 1297/1633/2041
f 1256/1634/2042 1258/1636/2044 1298/1635/2043
f 1258/1636/2044 1260/1638/2045 1299/1637/2045
f 1260/1638/2045 1262/1640/2047 1300/1639/2046
f 1262/1640/2047 1264/1642/2048 1301/1641/2048
f 1264/1642/2048 1266/1644/2050 1302/1643/2049
f 1266/1644/2050 1268/1646/2052 1303/1645/2051
f 1268/1646/2052 1270/1648/2054 1304/1647/2053
f 1270/1648/2054 1272/1653/2057 1305/1649/2055
f 1216/1903/2056 1214/1904/2056 1242/1905/2056
f 1214/1904/2056 1212/1906/2056 1244/1907/2056
f 1212/1906/2056 1274/1908/2056 1246/1909/2056
f 1274/1908/2056 1272/1910/2056 1248/1911/2056
f 1272/1910/2056 1270/1912/2056 1248/1911/2056
f 1270/1912/2056 1268/1913/2056 1250/1914/2056
f 1248/1911/2056 1270/1912/2056 1250/1914/2056
f 1268/1913/2056 1266/1915/2056 1252/1916/2056
f 1266/1915/2056 1264/1917/2056 1254/1918/2056
f 1252/1916/2056 1266/1915/2056 1254/1918/2056
f 1264/1917/2056 1262/1919/2056 1258/1920/2056
f 1262/1919/2056 1260/1921/2056 1258/1920/2056
f 1258/1920/2056 1256/1922/2056 1264/1917/2056
f 1256/1922/2056 1254/1918/2056 1264/1917/2056
f 1252/1916/2056 1250/1914/2056 1268/1913/2056
f 1248/1911/2056 1246/1909/2056 1274/1908/2056
f 1246/1909/2056 1244/1907/2056 1212/1906/2056
f 1244/1907/2056 1242/1905/2056 1214/1904/2056
f 1242/1905/2056 1240/1923/2056 1216/1903/2056
f 1240/1923/2056 1238/1924/2056 1216/1903/2056
f 1238/1924/2056 1236/1652/2056 1218/1651/2056
f 1216/1903/2056 1238/1924/2056 1218/1651/2056
f 1236/1652/2056 1234/1925/2056 1220/1650/2056
f 1234/1925/2056 1232/1926/2056 1222/1927/2056
f 1220/1650/2056 1234/1925/2056 1222/1927/2056
f 1232/1926/2056 1230/1928/2056 1226/1929/2056
f 1230/1928/2056 1228/1930/2056 1226/1929/2056
f 1226/1929/2056 1224/1931/2056 1232/1926/2056
f 1224/1931/2056 1222/1927/2056 1232/1926/2056
f 1272/1653/2057 1274/1655/2058 1306/1654/2058
f 1274/1655/2058 1212/1932/2001 1275/1656/2001
f 1273/1933/2059 1211/1934/2059 1243/1935/2059
f 1211/1934/2059 1213/1936/2059 1241/1937/2059
f 1213/1936/2059 1215/1938/2059 1241/1937/2059
f 1215/1938/2059 1217/1939/2059 1239/1940/2059
f 1241/1937/2059 1215/1938/2059 1239/1940/2059
f 1217/1939/2059 1219/1941/2059 1235/1942/2059
f 1219/1941/2059 1221/1943/2059 1233/1944/2059
f 1221/1943/2059 1223/1945/2059 1233/1944/2059
f 1223/1945/2059 1225/1946/2059 1231/1947/2059
f 1233/1944/2059 1223/1945/2059 1231/1947/2059
f 1225/1946/2059 1227/1948/2059 1229/1949/2059
f 1229/1949/2059 1231/1947/2059 1225/1946/2059
f 1233/1944/2059 1235/1942/2059 1219/1941/2059
f 1235/1942/2059 1237/1950/2059 1217/1939/2059
f 1237/1950/2059 1239/1940/2059 1217/1939/2059
f 1241/1937/2059 1243/1935/2059 1211/1934/2059
f 1243/1935/2059 1245/1951/2059 1273/1933/2059
f 1245/1951/2059 1247/1952/2059 1273/1933/2059
f 1247/1952/2059 1249/1659/2059 1271/1658/2059
f 1273/1933/2059 1247/1952/2059 1271/1658/2059
f 1249/1659/2059 1251/1953/2059 1267/1954/2059
f 1251/1953/2059 1253/1955/2059 1265/1956/2059
f 1253/1955/2059 1255/1957/2059 1265/1956/2059
f 1255/1957/2059 1257/1958/2059 1263/1959/2059
f 1265/1956/2059 1255/1957/2059 1263/1959/2059
f 1257/1958/2059 1259/1960/2059 1261/1961/2059
f 1261/1961/2059 1263/1959/2059 1257/1958/2059
f 1265/1956/2059 1267/1954/2059 1251/1953/2059
f 1267/1954/2059 1269/1657/2059 1249/1659/2059
f 1305/1649/2060 1306/1654/2061 1337/1660/2061
f 1304/1647/2062 1305/1649/2060 1336/1661/2060
f 1303/1645/2063 1304/1647/2062 1335/1662/2062
f 1302/1643/2064 1303/1645/2063 1334/1663/2063
f 1301/1641/2065 1302/1643/2064 1333/1664/2064
f 1300/1639/2066 1301/1641/2065 1332/1665/2065
f 1299/1637/160 1300/1639/2066 1331/1666/2066
f 1298/1635/2067 1299/1637/160 1330/1667/160
f 1297/1633/2068 1298/1635/2067 1329/1668/2067
f 1296/1631/2069 1297/1633/2068 1328/1669/2068
f 1295/1629/2070 1296/1631/2069 1327/1670/2069
f 1294/1627/2071 1295/1629/2070 1326/1671/2070
f 1293/1625/2072 1294/1627/2071 1325/1672/2071
f 1292/1623/2073 1293/1625/2072 1324/1673/2072
f 1291/1622/2074 1292/1623/2073 1323/1674/2073
f 1291/1622/2074 1322/1675/2074 1321/1676/2075
f 1290/1620/2075 1321/1676/2075 1320/1677/2076
f 1289/1618/2076 1320/1677/2076 1319/1678/2077
f 1288/1616/2077 1319/1678/2077 1318/1679/2078
f 1287/1614/2078 1318/1679/2078 1317/1680/2079
f 1286/1612/2079 1317/1680/2079 1316/1681/2080
f 1285/1610/2080 1316/1681/2080 1315/1682/2081
f 1284/1608/2081 1315/1682/2081 1314/1683/390
f 1283/1606/390 1314/1683/390 1313/1684/2082
f 1282/1604/2082 1313/1684/2082 1312/1685/2083
f 1281/1602/2083 1312/1685/2083 1311/1686/2084
f 1280/1600/2084 1311/1686/2084 1310/1687/2085
f 1279/1598/2085 1310/1687/2085 1309/1688/2086
f 1278/1596/2086 1309/1688/2086 1308/1689/2087
f 1277/1594/2087 1308/1689/2087 1307/1690/2088
f 1338/1691/2089 1275/1590/2089 1276/1592/2088
f 1211/1692/2090 1338/1691/2090 1307/1690/2091
f 1213/1693/2092 1307/1690/2091 1308/1689/2093
f 1215/1694/2094 1308/1689/2093 1309/1688/2095
f 1217/1695/2096 1309/1688/2095 1310/1687/2097
f 1219/1696/2098 1310/1687/2097 1311/1686/2099
f 1221/1697/2100 1311/1686/2099 1312/1685/2101
f 1223/1698/2102 1312/1685/2101 1313/1684/2103
f 1225/1699/2104 1313/1684/2103 1314/1683/2105
f 1227/1700/2105 1314/1683/2105 1315/1682/2106
f 1229/1701/2107 1315/1682/2106 1316/1681/2108
f 1231/1702/2108 1316/1681/2108 1317/1680/2109
f 1233/1703/2110 1317/1680/2109 1318/1679/2111
f 1235/1704/2112 1318/1679/2111 1319/1678/2113
f 1237/1705/2114 1319/1678/2113 1320/1677/2115
f 1239/1706/2116 1320/1677/2115 1321/1676/2117
f 1241/1707/2117 1321/1676/2117 1322/1675/2118
f 1322/1675/2118 1323/1674/2120 1245/1709/2119
f 1323/1674/2120 1324/1673/2122 1247/1710/2121
f 1324/1673/2122 1325/1672/2124 1249/1711/2123
f 1325/1672/2124 1326/1671/2126 1251/1712/2125
f 1326/1671/2126 1327/1670/2128 1253/1713/2127
f 1327/1670/2128 1328/1669/2129 1255/1714/2129
f 1328/1669/2129 1329/1668/2131 1257/1715/2130
f 1329/1668/2131 1330/1667/2132 1259/1716/2132
f 1330/1667/2132 1331/1666/2134 1261/1717/2133
f 1331/1666/2134 1332/1665/2136 1263/1718/2135
f 1332/1665/2136 1333/1664/2138 1265/1719/2137
f 1333/1664/2138 1334/1663/2140 1267/1720/2139
f 1334/1663/2140 1335/1662/2142 1269/1721/2141
f 1335/1662/2142 1336/1661/2144 1271/1722/2143
f 1336/1661/2144 1337/1660/2146 1273/1723/2145
f 1337/1660/2146 1338/1725/2090 1211/1724/2090
f 1306/1654/2061 1275/1656/2089 1338/1725/2089
